Date,Line_ID,Shift,Units_Produced,Downtime_Minutes,Efficiency
2026-02-08,Line-3,Afternoon,1700,1,0.8849817247257133
2026-02-08,Line-5,Afternoon,712,104,0.7504756190287197
2026-02-08,Line-10,Afternoon,1546,15,0.9211017246857118
2026-02-08,Line-10,Afternoon,971,15,0.7912016662045825
2026-02-08,Line-9,Morning,1989,40,0.7665246454355324
2026-02-08,Line-2,Morning,958,76,0.7878790229323678
2026-02-08,Line-8,Afternoon,1705,51,0.8662227754515571
2026-02-08,Line-8,Afternoon,1372,53,0.8661623052701722
2026-02-08,Line-5,Night,662,21,0.8753926486401111
2026-02-08,Line-10,Night,1042,79,0.8205860609568145
2026-02-08,Line-8,Night,1705,42,0.8341162654894072
2026-02-09,Line-10,Night,589,63,0.9285187574875482
2026-02-09,Line-9,Night,1514,31,0.78579314757206
2026-02-09,Line-4,Afternoon,1913,13,0.8223956523484125
2026-02-09,Line-7,Afternoon,1489,88,0.8195115516683029
2026-02-09,Line-1,Night,1124,105,0.7934931466125196
2026-02-09,Line-5,Afternoon,1078,23,0.9586573695924925
2026-02-09,Line-9,Morning,1393,84,0.8746978450280549
2026-02-09,Line-5,Afternoon,523,25,0.9717967630255548
2026-02-09,Line-7,Morning,993,52,0.8824139728950313
2026-02-09,Line-6,Night,792,20,0.9218927703484191
2026-02-09,Line-4,Afternoon,778,21,0.8271410132327615
2026-02-09,Line-7,Afternoon,1790,50,0.9469091240936838
2026-02-09,Line-10,Morning,556,25,0.969264767939446
2026-02-09,Line-4,Night,1051,27,0.9612119290309458
2026-02-10,Line-1,Night,1525,2,0.776086622108143
2026-02-10,Line-10,Morning,1848,43,0.9441965584393288
2026-02-10,Line-5,Afternoon,1308,8,0.8215880084915537
2026-02-10,Line-2,Morning,813,25,0.8663429852058804
2026-02-10,Line-3,Morning,1182,17,0.779106186413638
2026-02-10,Line-8,Night,1528,47,0.8069014497344028
2026-02-10,Line-4,Morning,1715,79,0.9539392040732138
2026-02-10,Line-3,Night,804,108,0.8999349595263242
2026-02-10,Line-1,Afternoon,1762,87,0.8056728471020917
2026-02-10,Line-2,Afternoon,1071,117,0.9532889107675984
2026-02-10,Line-8,Night,545,55,0.8491323521402439
2026-02-10,Line-1,Night,601,44,0.7698197459143878
2026-02-10,Line-4,Afternoon,1211,112,0.7729090519113365
2026-02-10,Line-10,Night,1531,104,0.7884903449200793
2026-02-11,Line-6,Morning,823,14,0.9633061122708273
2026-02-11,Line-8,Afternoon,1674,41,0.9298897417193146
2026-02-11,Line-8,Afternoon,676,36,0.8996820874887871
2026-02-11,Line-6,Afternoon,1078,70,0.7903097553129416
2026-02-11,Line-8,Afternoon,1578,116,0.8752483365302102
2026-02-11,Line-7,Afternoon,1649,15,0.9033745385818038
2026-02-11,Line-7,Afternoon,1167,39,0.8963896093980607
2026-02-11,Line-3,Afternoon,1731,49,0.811003737777098
2026-02-11,Line-10,Night,507,15,0.9542401693006991
2026-02-12,Line-3,Night,1234,57,0.8887258782578273
2026-02-12,Line-4,Afternoon,1515,60,0.7613211115984755
2026-02-12,Line-2,Afternoon,1109,3,0.9062220949268597
2026-02-12,Line-3,Night,1311,83,0.7893377565529265
2026-02-12,Line-9,Night,985,69,0.7865812904253505
2026-02-12,Line-2,Afternoon,1273,62,0.8839030965412742
2026-02-12,Line-1,Morning,1040,44,0.9264593108613867
2026-02-12,Line-2,Morning,1885,108,0.7915369207231966
2026-02-12,Line-8,Morning,735,59,0.9061457099195414
2026-02-12,Line-8,Afternoon,1964,97,0.8645218840158978
2026-02-13,Line-4,Morning,715,73,0.791537169260277
2026-02-13,Line-8,Morning,771,76,0.9036959445961928
2026-02-13,Line-7,Night,1252,10,0.8870798124512859
2026-02-13,Line-3,Afternoon,911,104,0.8569918406595338
2026-02-13,Line-2,Night,986,5,0.8247234592670903
2026-02-13,Line-6,Afternoon,897,34,0.8583176653336101
2026-02-13,Line-5,Night,1709,20,0.8264380486588335
2026-02-13,Line-8,Night,992,11,0.8916443321807507
2026-02-13,Line-8,Night,1021,3,0.9718976776237501
2026-02-13,Line-8,Night,1796,86,0.8956269155552081
2026-02-14,Line-2,Night,1136,72,0.8900708943316942
2026-02-14,Line-9,Morning,999,23,0.8883351211994126
2026-02-14,Line-5,Afternoon,829,8,0.9571248004166466
2026-02-14,Line-5,Morning,556,92,0.8576283835587492
2026-02-14,Line-10,Morning,1281,60,0.8176514905764674
2026-02-14,Line-9,Morning,1252,51,0.8656267469497068
2026-02-14,Line-8,Night,1640,16,0.831223145607262
2026-02-14,Line-8,Afternoon,1797,74,0.9528323145737575
2026-02-14,Line-4,Night,1808,46,0.8030535570587335
2026-02-14,Line-6,Afternoon,1423,24,0.9186269292849809
2026-02-15,Line-3,Morning,1092,46,0.9465505892859434
2026-02-15,Line-1,Morning,975,30,0.9091682684349808
2026-02-15,Line-3,Night,1502,93,0.767146252918169
2026-02-15,Line-8,Night,627,75,0.9076601869436562
2026-02-15,Line-4,Morning,1860,92,0.8309852266621577
2026-02-15,Line-9,Morning,1592,0,0.9616791665300489
2026-02-15,Line-9,Afternoon,1135,119,0.9020192016854768
2026-02-15,Line-7,Morning,1103,16,0.8391173464998354
2026-02-15,Line-3,Afternoon,1382,83,0.7591472558363557
2026-02-15,Line-5,Night,1818,9,0.9224965782731935
2026-02-15,Line-4,Night,1566,98,0.8367852576632039
2026-02-15,Line-9,Night,1179,109,0.7877750644254438
2026-02-16,Line-3,Night,1032,27,0.8911272862013455
2026-02-16,Line-4,Morning,817,85,0.8063568808706976
2026-02-16,Line-4,Night,1750,103,0.8440257721696265
2026-02-16,Line-10,Morning,852,80,0.9095614218257997
2026-02-16,Line-8,Night,1097,93,0.8897085267403504
2026-02-16,Line-2,Morning,1120,88,0.8647455952209868
2026-02-16,Line-6,Morning,1797,87,0.7746600144139801
2026-02-16,Line-9,Night,1151,44,0.8857864083012225
2026-02-17,Line-8,Night,1324,110,0.7637390156904071
2026-02-17,Line-1,Afternoon,1826,57,0.8547494807204317
2026-02-17,Line-7,Night,1652,25,0.9372232556061418
2026-02-17,Line-5,Night,960,110,0.9070416545793479
2026-02-17,Line-10,Night,1753,54,0.9418156893061558
2026-02-17,Line-3,Night,1432,23,0.8483687695439552
2026-02-17,Line-2,Night,1375,82,0.9028894223785774
2026-02-17,Line-7,Morning,902,35,0.7796154634004274
2026-02-17,Line-4,Afternoon,1249,10,0.7865489323028553
2026-02-17,Line-3,Morning,1485,66,0.7949213385282733
2026-02-17,Line-2,Morning,804,42,0.8496718559878257
2026-02-17,Line-2,Afternoon,1037,90,0.7506841008208944
2026-02-17,Line-8,Morning,822,105,0.8666669721265347
2026-02-18,Line-5,Morning,1194,85,0.8414475973429721
2026-02-18,Line-3,Night,817,82,0.8767009474452283
2026-02-18,Line-7,Night,1585,100,0.8707126312462637
2026-02-18,Line-8,Afternoon,1917,61,0.7561361947449136
2026-02-18,Line-9,Morning,1684,3,0.9782799747151565
2026-02-18,Line-9,Morning,1987,1,0.7985024684722708
2026-02-18,Line-10,Afternoon,850,111,0.8980419659158388
2026-02-18,Line-1,Morning,1984,11,0.9736230731969107
2026-02-18,Line-9,Night,1250,42,0.9645117362397748
2026-02-18,Line-2,Morning,1286,56,0.76656209547959
2026-02-18,Line-2,Morning,1545,28,0.8626205936576861
2026-02-18,Line-9,Afternoon,632,0,0.8348116764268381
2026-02-18,Line-10,Morning,1156,72,0.8711592895330527
2026-02-18,Line-3,Night,1024,110,0.8386978793189351
2026-02-19,Line-3,Afternoon,1397,101,0.8056029660193352
2026-02-19,Line-5,Night,910,11,0.9676138725972637
2026-02-19,Line-10,Afternoon,1822,99,0.9079425481153405
2026-02-19,Line-8,Night,1218,105,0.9535773483076878
2026-02-19,Line-1,Night,1538,14,0.83695631464066
2026-02-19,Line-9,Morning,1549,85,0.7877466703087117
2026-02-19,Line-4,Afternoon,523,34,0.9072256868039937
2026-02-19,Line-3,Afternoon,1553,79,0.8332695440781964
2026-02-19,Line-4,Morning,944,70,0.8857784237711668
2026-02-19,Line-10,Afternoon,1770,9,0.8733372784946001
2026-02-19,Line-7,Afternoon,1241,69,0.966007142820712
2026-02-20,Line-9,Morning,1459,87,0.8060785334635598
2026-02-20,Line-7,Night,578,35,0.7789716089783408
2026-02-20,Line-7,Morning,1381,115,0.8451595705819921
2026-02-20,Line-5,Afternoon,1376,28,0.8321636159456087
2026-02-20,Line-9,Afternoon,1936,0,0.8105821015731339
2026-02-20,Line-3,Morning,779,84,0.7653012634795957
2026-02-20,Line-10,Morning,1069,3,0.866757347513985
2026-02-20,Line-10,Night,1540,71,0.827184810731032
2026-02-20,Line-6,Afternoon,555,85,0.93522716569401
2026-02-21,Line-8,Afternoon,812,69,0.8830018602820455
2026-02-21,Line-10,Afternoon,1772,97,0.8182506017178915
2026-02-21,Line-10,Night,1835,53,0.772577308013233
2026-02-21,Line-9,Afternoon,988,25,0.9408238749722636
2026-02-21,Line-10,Afternoon,1715,77,0.8794366712320383
2026-02-21,Line-4,Morning,1827,94,0.7667900894413169
2026-02-21,Line-9,Night,1311,119,0.7662898040754663
2026-02-21,Line-8,Afternoon,1002,101,0.9473186053145609
2026-02-22,Line-7,Night,1338,7,0.7966570394779786
2026-02-22,Line-6,Afternoon,878,92,0.8215459474286638
2026-02-22,Line-8,Afternoon,1132,10,0.9282605688103891
2026-02-22,Line-6,Night,561,13,0.8767169151743053
2026-02-22,Line-10,Morning,735,26,0.8328485317211478
2026-02-22,Line-1,Night,1552,43,0.8085917898193224
2026-02-22,Line-8,Night,1315,55,0.7994988807029169
2026-02-22,Line-9,Afternoon,504,73,0.9096196843309087
2026-02-22,Line-7,Morning,1464,94,0.9157808286627969
2026-02-22,Line-10,Afternoon,1037,108,0.9063046700538755
2026-02-22,Line-3,Night,1403,24,0.8015421860757379
2026-02-22,Line-1,Night,1070,106,0.8396576489314218
2026-02-22,Line-10,Night,805,95,0.9568458443213186
2026-02-23,Line-6,Morning,589,117,0.8468100638772164
2026-02-23,Line-10,Afternoon,685,16,0.9674216118505745
2026-02-23,Line-8,Afternoon,1091,61,0.9571605595867423
2026-02-23,Line-2,Afternoon,1225,23,0.7726244337444814
2026-02-23,Line-3,Night,749,106,0.7733167475022076
2026-02-23,Line-2,Morning,1222,71,0.9574801421270572
2026-02-23,Line-4,Night,1090,26,0.7744653838211668
2026-02-23,Line-1,Morning,512,86,0.8813775916848405
2026-02-23,Line-3,Night,693,61,0.8450506027915436
2026-02-23,Line-10,Morning,1075,20,0.9507535844515562
2026-02-23,Line-8,Night,1150,85,0.9523291059599661
2026-02-24,Line-8,Afternoon,625,48,0.7625728450186872
2026-02-24,Line-5,Afternoon,1468,47,0.9510481640680575
2026-02-24,Line-1,Night,1337,110,0.9592151339705204
2026-02-24,Line-1,Morning,1036,11,0.8705941713172042
2026-02-24,Line-3,Morning,1047,61,0.8798987024616892
2026-02-24,Line-4,Afternoon,1650,78,0.9047784882891661
2026-02-24,Line-2,Afternoon,1970,118,0.7905262931785701
2026-02-24,Line-7,Afternoon,689,21,0.9077157985078468
2026-02-25,Line-3,Afternoon,1238,53,0.9292947396344711
2026-02-25,Line-4,Afternoon,768,73,0.9683978438525552
2026-02-25,Line-1,Morning,559,45,0.9279930704889863
2026-02-25,Line-2,Night,1300,14,0.8910645713706585
2026-02-25,Line-2,Afternoon,1357,55,0.956467585391283
2026-02-25,Line-4,Afternoon,703,87,0.8456969862128478
2026-02-25,Line-3,Night,1566,29,0.9622261596213801
2026-02-25,Line-3,Morning,1121,0,0.7845468965808224
2026-02-25,Line-5,Afternoon,552,73,0.9672016982382174
2026-02-25,Line-1,Morning,1881,98,0.7521926521075595
2026-02-25,Line-7,Morning,1261,72,0.8506785860773064
2026-02-25,Line-5,Morning,1302,66,0.8308104976863689
2026-02-25,Line-4,Morning,1949,5,0.823798844748908
2026-02-25,Line-9,Afternoon,1153,113,0.8481223218145884
2026-02-26,Line-3,Afternoon,765,112,0.9200662594225332
2026-02-26,Line-10,Afternoon,1351,110,0.7629111086972601
2026-02-26,Line-8,Night,1507,101,0.8332027490659681
2026-02-26,Line-4,Morning,746,24,0.9075890409284327
2026-02-26,Line-9,Afternoon,1800,19,0.7545542035213577
2026-02-26,Line-3,Night,552,92,0.7578157263466879
2026-02-26,Line-5,Night,1277,42,0.8859300956540975
2026-02-26,Line-5,Morning,656,114,0.8292026174018067
2026-02-26,Line-7,Afternoon,601,1,0.9767776280615849
2026-02-26,Line-2,Afternoon,927,99,0.7633126739166547
2026-02-27,Line-4,Afternoon,1469,87,0.792652504000042
2026-02-27,Line-4,Night,1977,81,0.9695896086313578
2026-02-27,Line-7,Morning,1813,17,0.9205862465968014
2026-02-27,Line-9,Night,946,28,0.8806187123538597
2026-02-27,Line-4,Night,779,14,0.8639187514947267
2026-02-27,Line-6,Night,755,66,0.9746909510165781
2026-02-27,Line-5,Afternoon,587,71,0.793929143367602
2026-02-27,Line-8,Morning,1213,68,0.973414042796879
2026-02-27,Line-10,Afternoon,1462,53,0.9324687634532183
2026-02-27,Line-4,Afternoon,1241,48,0.8105174405046829
2026-02-27,Line-7,Afternoon,822,108,0.8224580060057657
2026-02-27,Line-4,Night,1983,113,0.7956946762126764
2026-02-28,Line-10,Night,1454,78,0.8237575154027728
2026-02-28,Line-8,Morning,1813,40,0.8454878485075232
2026-02-28,Line-8,Night,1750,62,0.8828995894800223
2026-02-28,Line-6,Afternoon,1376,113,0.9212883103230095
2026-02-28,Line-10,Night,778,47,0.9064463472204979
2026-02-28,Line-5,Afternoon,1267,35,0.9608298100111053
2026-02-28,Line-1,Afternoon,1251,40,0.8852695617407289
2026-02-28,Line-1,Afternoon,1689,101,0.8899174403881647
2026-02-28,Line-1,Morning,1645,2,0.8869858439699831
2026-03-01,Line-9,Night,1300,86,0.9686857171981146
2026-03-01,Line-1,Afternoon,608,50,0.8514614894735979
2026-03-01,Line-2,Morning,1443,49,0.8853805046318236
2026-03-01,Line-9,Afternoon,1656,44,0.7911020005269775
2026-03-01,Line-10,Afternoon,1651,63,0.9579605445221618
2026-03-01,Line-6,Morning,1543,49,0.8134754708441555
2026-03-01,Line-1,Night,515,57,0.790747586490707
2026-03-01,Line-9,Morning,698,8,0.8333054569693098
2026-03-01,Line-3,Afternoon,1322,11,0.875976678627813
2026-03-01,Line-5,Morning,962,99,0.9260288842557616
2026-03-01,Line-5,Morning,662,87,0.8721946379155741
2026-03-01,Line-6,Afternoon,1089,110,0.8158275829748587
2026-03-01,Line-6,Night,688,73,0.9690678442415948
2026-03-01,Line-7,Afternoon,951,66,0.7520893469626106
2026-03-02,Line-1,Night,1804,109,0.8819418588383652
2026-03-02,Line-7,Night,1040,73,0.8077342164223517
2026-03-02,Line-8,Morning,752,13,0.9155204159807988
2026-03-02,Line-8,Afternoon,1182,69,0.9614333741208432
2026-03-02,Line-2,Morning,1800,75,0.7781365458535409
2026-03-02,Line-3,Afternoon,1249,95,0.7778011757156537
2026-03-02,Line-1,Night,810,52,0.8797522582764894
2026-03-02,Line-2,Night,819,115,0.7767282545183023
2026-03-03,Line-2,Night,1377,26,0.9739275377295293
2026-03-03,Line-1,Morning,725,54,0.9545564896452885
2026-03-03,Line-9,Night,599,20,0.7605651781229654
2026-03-03,Line-8,Night,1718,4,0.7974928556005667
2026-03-03,Line-9,Afternoon,534,89,0.7728281263756579
2026-03-03,Line-2,Afternoon,1975,14,0.8638475207019657
2026-03-03,Line-9,Afternoon,1851,116,0.9598569493200484
2026-03-03,Line-1,Morning,1007,23,0.7752656921109194
2026-03-03,Line-8,Afternoon,1392,81,0.8807516684020491
2026-03-03,Line-2,Night,1875,15,0.7615050215916852
2026-03-03,Line-8,Afternoon,1447,15,0.9415135255084326
2026-03-04,Line-6,Morning,1448,69,0.8864589940181014
2026-03-04,Line-5,Night,1530,100,0.9472758877602261
2026-03-04,Line-2,Night,1787,16,0.8360887235750242
2026-03-04,Line-1,Morning,1822,38,0.7857417024687803
2026-03-04,Line-2,Afternoon,700,104,0.860298924952635
2026-03-04,Line-1,Afternoon,1115,115,0.8964646694013019
2026-03-04,Line-5,Afternoon,1669,39,0.7784360029140995
2026-03-04,Line-3,Night,1048,87,0.8629730679406693
2026-03-04,Line-7,Afternoon,1788,108,0.8142869291002248
2026-03-05,Line-10,Afternoon,1817,19,0.9204406612473601
2026-03-05,Line-9,Night,1881,50,0.8846622083050525
2026-03-05,Line-3,Afternoon,1205,78,0.8178901604148967
2026-03-05,Line-6,Night,942,22,0.8470271835065722
2026-03-05,Line-5,Afternoon,1206,108,0.8108722005027136
2026-03-05,Line-10,Night,663,64,0.8272233300440746
2026-03-05,Line-10,Afternoon,1806,64,0.8317457440485136
2026-03-05,Line-3,Night,1788,4,0.902680197037722
2026-03-05,Line-7,Afternoon,1615,108,0.7595612656147847
2026-03-05,Line-7,Morning,1508,50,0.8058539403884635
2026-03-05,Line-6,Afternoon,781,23,0.9294687524754663
2026-03-05,Line-7,Morning,861,118,0.8785329265062498
2026-03-06,Line-3,Afternoon,1796,57,0.9023005213578815
2026-03-06,Line-5,Morning,643,108,0.910252052101051
2026-03-06,Line-8,Morning,1194,48,0.8102153528232324
2026-03-06,Line-8,Afternoon,1438,16,0.8676176210801166
2026-03-06,Line-9,Afternoon,1284,51,0.8664349530570268
2026-03-06,Line-2,Night,1291,29,0.926877535719213
2026-03-06,Line-5,Night,895,42,0.8051108126670101
2026-03-06,Line-7,Afternoon,1322,92,0.9253461203466032
2026-03-06,Line-3,Morning,577,77,0.8455388959075896
2026-03-06,Line-4,Night,928,92,0.7750689451232592
2026-03-07,Line-8,Night,1276,112,0.8326539335315855
2026-03-07,Line-3,Afternoon,1565,82,0.9250383969820746
2026-03-07,Line-6,Morning,1977,109,0.7983860366420731
2026-03-07,Line-8,Morning,875,58,0.846411122689284
2026-03-07,Line-6,Morning,705,14,0.8939438365688451
2026-03-07,Line-8,Morning,1763,77,0.7603910946656198
2026-03-07,Line-7,Morning,572,45,0.9590563830319576
2026-03-07,Line-6,Morning,1132,104,0.8289603506360071
2026-03-07,Line-9,Night,1848,32,0.7975105061838662
2026-03-07,Line-3,Night,1644,68,0.8028727615699645
2026-03-08,Line-1,Morning,1794,101,0.8567422513469801
2026-03-08,Line-10,Night,1582,29,0.8217468021146526
2026-03-08,Line-2,Morning,986,91,0.7826324317131139
2026-03-08,Line-6,Afternoon,874,91,0.8720627244502516
2026-03-08,Line-8,Morning,1032,83,0.9679604837509067
2026-03-08,Line-9,Afternoon,1247,30,0.8392408364306991
2026-03-08,Line-3,Night,845,36,0.8941192775867907
2026-03-08,Line-9,Night,1007,31,0.8199409453689215
2026-03-08,Line-1,Afternoon,1316,78,0.8389901152470848
2026-03-08,Line-4,Morning,720,53,0.8770509795914792
2026-03-08,Line-10,Morning,737,72,0.7543192531575383
2026-03-09,Line-8,Night,1191,72,0.8901353849199521
2026-03-09,Line-2,Night,711,33,0.898046220324838
2026-03-09,Line-4,Night,997,19,0.8121582072121435
2026-03-09,Line-6,Morning,691,100,0.9012212776379911
2026-03-09,Line-6,Night,1162,17,0.9517929909627577
2026-03-09,Line-3,Afternoon,1309,66,0.8942820918570238
2026-03-09,Line-4,Afternoon,1492,9,0.8844748762999429
2026-03-09,Line-10,Morning,1957,55,0.9222520220042143
2026-03-09,Line-5,Night,1505,67,0.7651849146054449
2026-03-09,Line-4,Morning,840,51,0.8669529645291767
2026-03-09,Line-5,Afternoon,1825,108,0.7694763866213546
2026-03-10,Line-8,Afternoon,1917,24,0.9328687352010099
2026-03-10,Line-1,Afternoon,871,33,0.9565601408864073
2026-03-10,Line-2,Morning,581,24,0.7682636859243017
2026-03-10,Line-2,Morning,1717,8,0.9344747914357056
2026-03-10,Line-1,Afternoon,888,36,0.9039380163695346
2026-03-10,Line-8,Morning,1329,82,0.9304264451021517
2026-03-10,Line-2,Night,805,82,0.9175706772956782
2026-03-10,Line-6,Afternoon,724,3,0.825759780889324
2026-03-10,Line-2,Night,1057,74,0.8571153900134172
2026-03-10,Line-4,Morning,659,48,0.9675377499975482
2026-03-10,Line-6,Morning,1344,112,0.8514701837510813
2026-03-10,Line-7,Night,1904,2,0.7889360507342964
2026-03-10,Line-8,Morning,1293,105,0.9722028529721465
2026-03-11,Line-9,Morning,651,116,0.8290834995661861
2026-03-11,Line-9,Night,1060,114,0.8142096549670803
2026-03-11,Line-1,Afternoon,1638,73,0.9753214922283672
2026-03-11,Line-2,Night,506,62,0.9368947778943812
2026-03-11,Line-1,Morning,1252,117,0.7601484123433432
2026-03-11,Line-10,Afternoon,1839,18,0.911107329815513
2026-03-11,Line-9,Afternoon,1715,111,0.8914106325127111
2026-03-11,Line-1,Afternoon,1962,8,0.9411554173739789
2026-03-11,Line-3,Afternoon,809,47,0.9159383202177568
2026-03-11,Line-8,Night,1325,17,0.8337622116571426
2026-03-12,Line-7,Night,1297,19,0.8464702410338446
2026-03-12,Line-4,Night,1814,36,0.8587680143503524
2026-03-12,Line-10,Night,1588,112,0.8584842008946726
2026-03-12,Line-8,Morning,787,118,0.8169526029004959
2026-03-12,Line-10,Afternoon,1970,46,0.8425030807568842
2026-03-12,Line-3,Night,1912,18,0.7899712396652896
2026-03-12,Line-5,Morning,1972,15,0.9259263699772425
2026-03-12,Line-9,Afternoon,1123,72,0.8865609859115058
2026-03-12,Line-5,Morning,905,73,0.9118083971949061
2026-03-13,Line-10,Morning,1099,87,0.934248623470062
2026-03-13,Line-9,Morning,1448,72,0.7882603860089823
2026-03-13,Line-5,Morning,1883,31,0.7548813007702607
2026-03-13,Line-5,Night,1462,44,0.9207638850816273
2026-03-13,Line-7,Morning,725,17,0.9561427369091368
2026-03-13,Line-5,Night,528,6,0.7574893400827747
2026-03-13,Line-9,Afternoon,1527,56,0.8209508752457462
2026-03-13,Line-2,Night,681,62,0.8813456697259852
2026-03-13,Line-10,Morning,1355,6,0.8960415275649478
2026-03-13,Line-1,Morning,1164,115,0.7552486992644084
2026-03-13,Line-7,Afternoon,1367,52,0.8885835751709306
2026-03-14,Line-10,Night,1354,57,0.8755938308847966
2026-03-14,Line-4,Morning,1090,69,0.9315377475071146
2026-03-14,Line-3,Morning,1169,82,0.7857008363705147
2026-03-14,Line-2,Night,1772,51,0.9108016736054213
2026-03-14,Line-10,Night,1153,59,0.8803875442016702
2026-03-14,Line-3,Morning,862,101,0.7696826505596872
2026-03-14,Line-4,Afternoon,1503,30,0.7857173931940535
2026-03-14,Line-3,Night,853,87,0.7837148271993519
2026-03-14,Line-1,Night,1191,11,0.8387826262756284
2026-03-14,Line-2,Afternoon,692,43,0.8111035633910498
2026-03-14,Line-9,Afternoon,1024,29,0.8125746588498755
2026-03-14,Line-7,Morning,1089,5,0.9384717387490984
2026-03-14,Line-2,Afternoon,1280,91,0.8264266810441413
2026-03-14,Line-4,Night,540,107,0.9487216802906253
2026-03-15,Line-3,Afternoon,552,84,0.8805850090271943
2026-03-15,Line-3,Night,1112,0,0.9082102513292585
2026-03-15,Line-8,Afternoon,884,15,0.7502771184763238
2026-03-15,Line-1,Afternoon,1722,78,0.8395352153765483
2026-03-15,Line-1,Morning,600,112,0.8649480147136983
2026-03-15,Line-6,Morning,1307,88,0.7849006941934423
2026-03-15,Line-8,Morning,1416,73,0.7758558852959802
2026-03-15,Line-5,Morning,1001,107,0.789475194318908
2026-03-15,Line-1,Night,1772,99,0.9140719084599818
2026-03-15,Line-6,Afternoon,1740,114,0.8672178772030585
2026-03-15,Line-6,Night,553,72,0.8596587332672467
2026-03-15,Line-1,Night,1746,26,0.8971709024169839
2026-03-15,Line-8,Morning,1214,79,0.8860456434405973
2026-03-16,Line-9,Night,760,18,0.8724637466149013
2026-03-16,Line-4,Night,1696,9,0.8416594059516861
2026-03-16,Line-10,Afternoon,862,119,0.8539393583974761
2026-03-16,Line-8,Morning,1248,79,0.794085265405946
2026-03-16,Line-2,Night,1879,68,0.8446628598733579
2026-03-16,Line-6,Afternoon,620,110,0.8561428008804838
2026-03-16,Line-8,Morning,1714,24,0.7644135019699155
2026-03-16,Line-10,Night,1015,21,0.7749830324838852
2026-03-16,Line-10,Morning,1913,36,0.8139797141861362
2026-03-16,Line-8,Morning,1902,36,0.9783474323694282
2026-03-16,Line-4,Morning,1392,23,0.7651836658826827
2026-03-17,Line-2,Afternoon,1272,17,0.9768099219679419
2026-03-17,Line-2,Afternoon,1728,66,0.93921252040471
2026-03-17,Line-3,Afternoon,1112,107,0.9166816015036731
2026-03-17,Line-7,Afternoon,1837,31,0.8121450720748558
2026-03-17,Line-5,Night,1592,17,0.8790620305861908
2026-03-17,Line-10,Morning,1958,45,0.9401149821889127
2026-03-17,Line-1,Morning,1041,14,0.9499419162856764
2026-03-17,Line-4,Afternoon,1548,60,0.8771781474882694
2026-03-17,Line-3,Night,1595,49,0.9031010770480868
2026-03-17,Line-6,Morning,1314,44,0.9606169443721904
2026-03-17,Line-9,Morning,1869,19,0.8112944191213365
2026-03-17,Line-3,Night,1776,81,0.8564628020839086
2026-03-17,Line-6,Morning,823,73,0.7846799313840087
2026-03-17,Line-5,Morning,1424,21,0.9247712936175246
2026-03-18,Line-2,Afternoon,640,3,0.9463002690078921
2026-03-18,Line-3,Afternoon,1111,81,0.8145355352429806
2026-03-18,Line-7,Morning,1684,86,0.877392310903
2026-03-18,Line-1,Morning,1084,13,0.8300198570634916
2026-03-18,Line-10,Night,617,87,0.7700771949741436
2026-03-18,Line-4,Morning,661,7,0.7948311155847343
2026-03-18,Line-4,Morning,1319,88,0.7548959860429499
2026-03-18,Line-10,Afternoon,1651,23,0.9649827591767766
2026-03-18,Line-2,Afternoon,1249,115,0.772112288400545
2026-03-18,Line-10,Morning,781,81,0.7548912119308827
2026-03-18,Line-7,Morning,1601,103,0.9763439006644721
2026-03-18,Line-8,Night,1012,113,0.9698891629796227
2026-03-19,Line-4,Night,1701,69,0.7826407135457338
2026-03-19,Line-1,Night,1336,15,0.7598085093237997
2026-03-19,Line-1,Morning,962,99,0.7548202224805368
2026-03-19,Line-4,Night,1611,73,0.7958597961398266
2026-03-19,Line-10,Night,961,119,0.7812903922095933
2026-03-19,Line-10,Night,1760,22,0.898213356662325
2026-03-19,Line-8,Afternoon,621,5,0.8316607204872759
2026-03-19,Line-5,Afternoon,842,82,0.9479217847908195
2026-03-20,Line-1,Night,1391,10,0.7648334350159004
2026-03-20,Line-10,Morning,1137,76,0.7711723623143324
2026-03-20,Line-7,Night,1141,0,0.9405401938655161
2026-03-20,Line-9,Night,1328,91,0.8421455227195755
2026-03-20,Line-3,Night,1075,65,0.826855551824939
2026-03-20,Line-2,Afternoon,1721,60,0.9744119547038124
2026-03-20,Line-4,Afternoon,1135,21,0.8346781683180773
2026-03-20,Line-7,Morning,1554,117,0.7551882346829712
2026-03-21,Line-1,Night,1950,69,0.9116716097369497
2026-03-21,Line-10,Night,1310,79,0.8433002804920946
2026-03-21,Line-1,Night,979,97,0.9342193439607748
2026-03-21,Line-9,Morning,1394,63,0.9041840520768252
2026-03-21,Line-5,Morning,610,106,0.8137782838117598
2026-03-21,Line-5,Night,600,70,0.7763536364205271
2026-03-21,Line-10,Afternoon,1025,0,0.9749430920563582
2026-03-21,Line-9,Afternoon,1562,47,0.8320768228579332
2026-03-21,Line-4,Night,1348,85,0.9754728124268095
2026-03-21,Line-10,Night,903,66,0.847472584603637
2026-03-21,Line-9,Afternoon,530,40,0.9701571821125988
2026-03-22,Line-7,Afternoon,755,34,0.8314000074681345
2026-03-22,Line-5,Afternoon,827,36,0.8140758764830238
2026-03-22,Line-8,Morning,1689,36,0.9546310599472063
2026-03-22,Line-10,Morning,1073,21,0.9502485224338815
2026-03-22,Line-8,Morning,965,44,0.7691788811969498
2026-03-22,Line-6,Morning,1270,89,0.7839465635989773
2026-03-22,Line-6,Morning,1586,38,0.7688459663998297
2026-03-22,Line-7,Morning,652,27,0.8363321746364797
2026-03-22,Line-10,Night,1934,44,0.8693869693638695
2026-03-23,Line-8,Morning,679,118,0.8649468847023847
2026-03-23,Line-3,Morning,1609,67,0.8098262570509953
2026-03-23,Line-3,Morning,1158,69,0.7842887208276205
2026-03-23,Line-2,Morning,516,94,0.928668201944401
2026-03-23,Line-9,Morning,1297,17,0.7993281090634737
2026-03-23,Line-4,Afternoon,1028,24,0.9737428007328821
2026-03-23,Line-5,Morning,1331,61,0.8772892325928502
2026-03-23,Line-2,Afternoon,710,118,0.7609796192993327
2026-03-23,Line-9,Night,1041,37,0.7935721065553742
2026-03-23,Line-9,Morning,1084,102,0.8865242788206317
2026-03-23,Line-1,Morning,951,31,0.8739436714573515
2026-03-23,Line-8,Night,1675,100,0.8428628559321613
2026-03-24,Line-1,Afternoon,926,69,0.9310957957420695
2026-03-24,Line-8,Afternoon,1176,52,0.8745064111655029
2026-03-24,Line-3,Afternoon,1654,71,0.9760444897826757
2026-03-24,Line-2,Morning,812,103,0.8560094194336447
2026-03-24,Line-7,Afternoon,1506,9,0.8943782404978924
2026-03-24,Line-5,Morning,1040,91,0.7656990225660122
2026-03-24,Line-7,Night,811,27,0.8841109103553224
2026-03-24,Line-8,Afternoon,761,82,0.8526009124990668
2026-03-24,Line-7,Night,1091,22,0.905039620998334
2026-03-24,Line-3,Night,1283,23,0.9328858427936508
2026-03-24,Line-6,Morning,1343,7,0.9056525218438158
2026-03-24,Line-10,Morning,1717,15,0.9083552762633618
2026-03-24,Line-10,Afternoon,1834,85,0.7505426571495648
2026-03-25,Line-4,Night,1981,103,0.8224201715274491
2026-03-25,Line-2,Night,1132,45,0.835355350307138
2026-03-25,Line-2,Afternoon,776,115,0.8607975372730581
2026-03-25,Line-7,Afternoon,1295,82,0.9250172268127428
2026-03-25,Line-2,Night,1472,93,0.9535754745894559
2026-03-25,Line-2,Morning,1722,63,0.8318733645253257
2026-03-25,Line-8,Afternoon,1444,113,0.845327979425416
2026-03-25,Line-8,Afternoon,1546,109,0.9347352489874358
2026-03-25,Line-2,Afternoon,779,38,0.9181686357603094
2026-03-25,Line-7,Afternoon,1448,70,0.8456940675760823
2026-03-25,Line-9,Night,1147,74,0.8339055063746365
2026-03-25,Line-9,Morning,1991,25,0.8500756971893495
2026-03-25,Line-2,Night,1315,76,0.953235324174301
2026-03-26,Line-1,Afternoon,1016,39,0.9214927804744786
2026-03-26,Line-4,Night,1111,119,0.8634974476238076
2026-03-26,Line-6,Night,1394,92,0.7747177273500389
2026-03-26,Line-9,Morning,1519,13,0.915234782509914
2026-03-26,Line-3,Afternoon,1146,18,0.8120438727143274
2026-03-26,Line-8,Night,1266,74,0.8374536058409091
2026-03-26,Line-7,Morning,1365,20,0.7776552166725064
2026-03-26,Line-10,Afternoon,729,44,0.7516648056010693
2026-03-26,Line-5,Morning,1579,73,0.8027211768011969
2026-03-26,Line-8,Morning,1194,52,0.8055497755284026
2026-03-26,Line-7,Morning,1449,14,0.9370217091920207
2026-03-26,Line-5,Morning,1239,15,0.9649543283743558
2026-03-26,Line-10,Afternoon,641,61,0.9696331080322091
2026-03-26,Line-8,Afternoon,1585,81,0.8656017163286063
2026-03-27,Line-2,Morning,1028,60,0.8934462731632409
2026-03-27,Line-7,Afternoon,875,13,0.756404111741714
2026-03-27,Line-9,Night,1126,103,0.9276719537682796
2026-03-27,Line-3,Afternoon,1166,106,0.8122128287348472
2026-03-27,Line-10,Night,574,114,0.8161857151434587
2026-03-27,Line-10,Afternoon,530,115,0.8892356503100229
2026-03-27,Line-6,Night,1183,43,0.8457208839191941
2026-03-27,Line-9,Morning,1393,77,0.9572905455013503
2026-03-27,Line-7,Morning,1171,90,0.8237205015787431
2026-03-27,Line-2,Morning,833,7,0.8703335574897207
2026-03-28,Line-2,Afternoon,727,13,0.9157971564396621
2026-03-28,Line-4,Morning,1458,32,0.8272815687353186
2026-03-28,Line-2,Night,1308,10,0.9438529504473111
2026-03-28,Line-9,Night,1264,27,0.9433572608680002
2026-03-28,Line-8,Night,599,64,0.833809699081547
2026-03-28,Line-1,Afternoon,907,111,0.8439670744972356
2026-03-28,Line-3,Night,958,78,0.9448496224547849
2026-03-28,Line-10,Night,549,4,0.9515566883792625
2026-03-28,Line-9,Afternoon,1281,21,0.7890173684555283
2026-03-28,Line-3,Morning,795,83,0.8227557002214891
2026-03-29,Line-8,Night,988,38,0.7585362369301604
2026-03-29,Line-7,Morning,1346,97,0.9329413982872921
2026-03-29,Line-6,Morning,714,114,0.8268516376330441
2026-03-29,Line-2,Night,556,20,0.7655252080302463
2026-03-29,Line-3,Night,1279,70,0.8720442431008911
2026-03-29,Line-4,Night,624,95,0.9528283907871855
2026-03-29,Line-2,Morning,574,117,0.8614994946259509
2026-03-29,Line-3,Night,1952,5,0.8547342233614196
2026-03-29,Line-10,Night,1332,64,0.869637631925956
2026-03-29,Line-1,Morning,1495,68,0.9792985094815057
2026-03-29,Line-10,Night,1062,18,0.7902992639369034
2026-03-29,Line-2,Night,1451,56,0.8752570957997984
2026-03-29,Line-6,Afternoon,1180,5,0.8988434703440398
2026-03-30,Line-9,Afternoon,1945,54,0.9600995121404438
2026-03-30,Line-8,Morning,669,12,0.9146173866715392
2026-03-30,Line-1,Afternoon,702,35,0.9078634958694198
2026-03-30,Line-10,Night,1807,60,0.8234169763196462
2026-03-30,Line-8,Morning,1818,108,0.9071984270197273
2026-03-30,Line-10,Night,1966,68,0.8834755733832199
2026-03-30,Line-9,Afternoon,1663,23,0.7537211257215186
2026-03-30,Line-7,Afternoon,1764,60,0.9296278171868027
2026-03-30,Line-8,Night,1944,10,0.9121602053249483
2026-03-30,Line-9,Afternoon,1965,44,0.8982873293357331
2026-03-31,Line-2,Night,1011,33,0.8386660511237339
2026-03-31,Line-5,Morning,1757,107,0.7898322670123443
2026-03-31,Line-9,Afternoon,1723,39,0.821045437228382
2026-03-31,Line-9,Night,1269,113,0.9494751429799697
2026-03-31,Line-2,Afternoon,1608,46,0.784493779504948
2026-03-31,Line-2,Morning,1204,56,0.7806580156146152
2026-03-31,Line-9,Afternoon,1289,47,0.8656744667482478
2026-03-31,Line-2,Morning,841,70,0.8469671153085655
2026-03-31,Line-5,Morning,1651,32,0.956429754062089
2026-03-31,Line-7,Night,1400,62,0.7545314274138153
2026-03-31,Line-8,Morning,830,91,0.7916264679762466
2026-03-31,Line-7,Afternoon,885,69,0.7854555861372462
2026-03-31,Line-8,Afternoon,1335,102,0.7606094994673097
2026-03-31,Line-10,Morning,1653,9,0.9775862919382696
2026-04-01,Line-9,Afternoon,1188,36,0.9630479309656572
2026-04-01,Line-4,Night,1861,74,0.8859803941551989
2026-04-01,Line-4,Night,710,118,0.753033631295288
2026-04-01,Line-3,Afternoon,1394,98,0.7755090461418684
2026-04-01,Line-2,Afternoon,1872,74,0.9544869791832177
2026-04-01,Line-6,Night,1586,18,0.8732241583606928
2026-04-01,Line-10,Afternoon,1977,71,0.8160213963171019
2026-04-01,Line-9,Night,1144,39,0.9622263566762257
2026-04-01,Line-8,Afternoon,669,56,0.8020313778412503
2026-04-01,Line-7,Afternoon,1074,102,0.8303404224463907
2026-04-02,Line-2,Night,1267,94,0.9405822436086185
2026-04-02,Line-4,Morning,685,84,0.8484697211441383
2026-04-02,Line-8,Afternoon,1430,7,0.9444174848665341
2026-04-02,Line-4,Afternoon,1829,93,0.8787798944272457
2026-04-02,Line-6,Afternoon,1689,62,0.8058271078611987
2026-04-02,Line-5,Morning,883,51,0.8459746674047668
2026-04-02,Line-4,Afternoon,1750,95,0.9329184246495017
2026-04-02,Line-5,Morning,1562,82,0.761573694555395
2026-04-02,Line-9,Morning,587,15,0.860766025670321
2026-04-02,Line-8,Morning,938,91,0.9707143287762655
2026-04-02,Line-9,Afternoon,1468,27,0.8711894146926122
2026-04-03,Line-3,Afternoon,1394,6,0.9592119472184893
2026-04-03,Line-6,Afternoon,954,77,0.7721583267458961
2026-04-03,Line-1,Night,1239,50,0.9218348828664569
2026-04-03,Line-3,Morning,1485,59,0.8613932678039053
2026-04-03,Line-8,Night,1752,36,0.9358832654241305
2026-04-03,Line-3,Afternoon,1835,87,0.8153063809952387
2026-04-03,Line-4,Night,613,66,0.7924186845894433
2026-04-03,Line-1,Morning,1276,11,0.751640210751427
2026-04-03,Line-7,Morning,1080,86,0.9446258070940703
2026-04-03,Line-5,Morning,1107,115,0.951646323983303
2026-04-04,Line-7,Morning,962,80,0.7961944023355744
2026-04-04,Line-10,Afternoon,1135,37,0.9671549303384649
2026-04-04,Line-10,Night,1338,80,0.8155746927803702
2026-04-04,Line-4,Night,1421,15,0.9010141513318531
2026-04-04,Line-6,Night,912,78,0.8783054290901035
2026-04-04,Line-3,Morning,1906,63,0.8990196080544799
2026-04-04,Line-5,Morning,761,25,0.9776531888874225
2026-04-04,Line-2,Night,807,62,0.7517644430305508
2026-04-04,Line-3,Night,819,65,0.9028146241464853
2026-04-04,Line-3,Night,1405,39,0.7585335048695745
2026-04-05,Line-1,Afternoon,1949,5,0.9692926620318378
2026-04-05,Line-3,Night,817,118,0.8687094904378037
2026-04-05,Line-9,Morning,1899,117,0.9287751912187723
2026-04-05,Line-3,Morning,539,107,0.8935735674664524
2026-04-05,Line-3,Afternoon,1517,35,0.8776396114486147
2026-04-05,Line-3,Night,1517,111,0.8271534130043606
2026-04-05,Line-2,Afternoon,1407,96,0.8753124511584713
2026-04-05,Line-1,Afternoon,1930,27,0.8106875711020355
2026-04-05,Line-1,Night,1965,51,0.866890783325196
2026-04-05,Line-1,Morning,1318,99,0.7944235353756646
2026-04-05,Line-10,Afternoon,571,51,0.9744042270680535
2026-04-06,Line-4,Night,1895,16,0.8931356383450051
2026-04-06,Line-7,Afternoon,1723,36,0.9731889490192446
2026-04-06,Line-1,Night,1611,12,0.848558059750961
2026-04-06,Line-10,Afternoon,1165,112,0.940950932306006
2026-04-06,Line-7,Morning,1947,15,0.9762023280289388
2026-04-06,Line-7,Night,1583,34,0.9001022618165067
2026-04-06,Line-3,Afternoon,1853,29,0.8165945730188816
2026-04-06,Line-4,Morning,1389,64,0.7640504507527202
2026-04-06,Line-2,Night,1896,83,0.9663806948037421
2026-04-07,Line-9,Morning,1135,27,0.9499449715398394
2026-04-07,Line-8,Morning,1886,115,0.8427346733316924
2026-04-07,Line-6,Afternoon,1047,114,0.9699085952832958
2026-04-07,Line-2,Night,819,59,0.866596278951482
2026-04-07,Line-6,Afternoon,1729,101,0.948202691403579
2026-04-07,Line-3,Morning,508,95,0.766835619316942
2026-04-07,Line-5,Afternoon,1828,77,0.9451196505321884
2026-04-07,Line-2,Afternoon,938,98,0.8245154528156323
2026-04-07,Line-4,Afternoon,1989,105,0.8767078277883359
2026-04-07,Line-7,Night,546,69,0.8260983256654175
2026-04-07,Line-5,Night,602,37,0.9164629421295658
2026-04-07,Line-10,Afternoon,1379,82,0.8806581696749485
2026-04-07,Line-8,Night,1611,7,0.7968992388627173
2026-04-07,Line-3,Morning,1143,36,0.794758807571
2026-04-08,Line-4,Afternoon,884,86,0.8215135980648198
2026-04-08,Line-6,Afternoon,1335,15,0.9749442974248953
2026-04-08,Line-9,Night,757,63,0.7717360978288386
2026-04-08,Line-8,Morning,1882,66,0.7585341391008416
2026-04-08,Line-6,Morning,1043,103,0.7612563229055102
2026-04-08,Line-5,Afternoon,1902,38,0.8434025885657158
2026-04-08,Line-10,Night,1544,57,0.8522866242139628
2026-04-08,Line-7,Morning,1892,24,0.9738227888434876
2026-04-08,Line-10,Afternoon,965,12,0.8225718251642214
2026-04-08,Line-9,Afternoon,1777,22,0.8151413177286082
2026-04-08,Line-6,Morning,590,88,0.8557110639486213
2026-04-08,Line-3,Night,1634,69,0.8522757069798077
2026-04-09,Line-8,Morning,1797,60,0.908760069678923
2026-04-09,Line-8,Afternoon,1855,56,0.8042127814586613
2026-04-09,Line-2,Night,817,10,0.9099665487062146
2026-04-09,Line-9,Afternoon,1832,55,0.946357284881798
2026-04-09,Line-1,Afternoon,1968,26,0.8639229048160232
2026-04-09,Line-4,Morning,709,63,0.7637058175871417
2026-04-09,Line-9,Afternoon,1005,55,0.8054686942876296
2026-04-09,Line-7,Night,1261,36,0.9149571395845578
2026-04-09,Line-8,Night,891,64,0.7919166499271848
2026-04-09,Line-5,Afternoon,1974,86,0.7965480029712367
2026-04-10,Line-8,Morning,1966,56,0.8977761587088029
2026-04-10,Line-7,Afternoon,1069,88,0.8925783968914052
2026-04-10,Line-2,Afternoon,707,51,0.8343533170733408
2026-04-10,Line-4,Afternoon,1316,79,0.9774268171203819
2026-04-10,Line-8,Afternoon,1207,9,0.9064287275724353
2026-04-10,Line-5,Afternoon,829,75,0.789079522058094
2026-04-10,Line-5,Afternoon,1741,70,0.8844421139265493
2026-04-10,Line-8,Night,1570,19,0.9618201075328257
2026-04-10,Line-6,Night,1232,52,0.9425147072368153
2026-04-10,Line-6,Afternoon,1300,82,0.8685163849126463
2026-04-10,Line-1,Night,1173,103,0.8349051193505932
2026-04-10,Line-1,Morning,1381,70,0.9477237224794715
2026-04-10,Line-1,Night,844,114,0.9433591529829968
2026-04-10,Line-8,Afternoon,1830,66,0.9431930187822523
2026-04-11,Line-3,Afternoon,648,14,0.7952316619591945
2026-04-11,Line-4,Night,687,31,0.9529931052632106
2026-04-11,Line-5,Afternoon,1728,18,0.8370829987483794
2026-04-11,Line-10,Afternoon,1116,19,0.7652072853615108
2026-04-11,Line-2,Morning,900,36,0.9357689176427529
2026-04-11,Line-4,Night,1436,95,0.9371018011003904
2026-04-11,Line-9,Afternoon,1008,46,0.8699670151820754
2026-04-11,Line-9,Morning,932,19,0.9092615125626242
2026-04-11,Line-5,Afternoon,1643,73,0.7705399383753383
2026-04-11,Line-10,Morning,1899,58,0.9454564828664451
2026-04-12,Line-10,Morning,1873,52,0.9469672283256566
2026-04-12,Line-7,Night,806,59,0.8053637897082644
2026-04-12,Line-2,Night,916,15,0.9280653966081516
2026-04-12,Line-2,Night,1439,68,0.812807673388393
2026-04-12,Line-9,Afternoon,817,65,0.8041521022573692
2026-04-12,Line-10,Afternoon,1132,5,0.8527069283781863
2026-04-12,Line-9,Afternoon,1761,104,0.8185777927807959
2026-04-12,Line-10,Night,1785,12,0.8645262996988573
2026-04-12,Line-6,Afternoon,1967,34,0.8286389957947713
2026-04-13,Line-9,Afternoon,1503,30,0.7538830651510877
2026-04-13,Line-3,Afternoon,618,33,0.9353472148908655
2026-04-13,Line-3,Night,1358,88,0.9021722534673897
2026-04-13,Line-9,Morning,1983,92,0.7632027161247988
2026-04-13,Line-7,Afternoon,1863,83,0.8602329721928451
2026-04-13,Line-9,Night,1788,57,0.8125251948288342
2026-04-13,Line-5,Afternoon,1767,64,0.8516385892959321
2026-04-13,Line-4,Afternoon,1518,54,0.9588386444013627
2026-04-13,Line-7,Morning,1671,104,0.8532009037277595
2026-04-13,Line-6,Afternoon,1657,97,0.7627366835446624
2026-04-14,Line-3,Night,1883,106,0.9188165185028992
2026-04-14,Line-8,Night,828,22,0.9563040902350398
2026-04-14,Line-4,Afternoon,1311,117,0.971773028486407
2026-04-14,Line-8,Morning,1692,77,0.8033875422436488
2026-04-14,Line-3,Morning,1853,70,0.915844774482319
2026-04-14,Line-9,Morning,1030,66,0.9723874413376421
2026-04-14,Line-10,Morning,1550,81,0.9089795634298323
2026-04-14,Line-8,Morning,1276,72,0.9403566543247046
2026-04-15,Line-5,Morning,1432,63,0.9232527155837209
2026-04-15,Line-7,Afternoon,1354,2,0.7541570223831462
2026-04-15,Line-10,Afternoon,1208,3,0.9345680565195447
2026-04-15,Line-4,Morning,1913,43,0.7895747603861168
2026-04-15,Line-5,Afternoon,1872,57,0.9324315432130933
2026-04-15,Line-3,Afternoon,1975,59,0.8160825987174568
2026-04-15,Line-5,Afternoon,1650,85,0.8301542921765673
2026-04-15,Line-5,Afternoon,1028,101,0.9297885876302943
2026-04-15,Line-7,Morning,1728,65,0.7979744378977669
2026-04-15,Line-1,Morning,903,1,0.9009994282424957
2026-04-15,Line-8,Night,1324,18,0.9078619241291984
2026-04-16,Line-9,Morning,1013,24,0.9547978918033064
2026-04-16,Line-1,Morning,1023,77,0.7670638198337955
2026-04-16,Line-10,Morning,1560,42,0.774940022270262
2026-04-16,Line-8,Afternoon,1191,119,0.9387061489670576
2026-04-16,Line-6,Morning,506,23,0.9386145706683214
2026-04-16,Line-9,Night,1084,84,0.9273247683848637
2026-04-16,Line-10,Morning,1214,113,0.7539056545982353
2026-04-16,Line-8,Afternoon,1546,64,0.8023804094630782
2026-04-16,Line-6,Afternoon,846,91,0.8737178262374901
2026-04-16,Line-9,Night,1024,88,0.8092859447887766
2026-04-16,Line-6,Morning,1536,81,0.7664200130398257
2026-04-16,Line-7,Night,1231,60,0.8587721183906707
2026-04-17,Line-7,Afternoon,1565,102,0.7858904442359878
2026-04-17,Line-6,Afternoon,763,15,0.8581720919323387
2026-04-17,Line-9,Morning,1747,99,0.9404808237889726
2026-04-17,Line-2,Afternoon,852,16,0.9046840940995358
2026-04-17,Line-9,Morning,1356,55,0.9562286383275354
2026-04-17,Line-4,Night,1190,97,0.7672549134523649
2026-04-17,Line-1,Night,1077,119,0.932231586624316
2026-04-17,Line-3,Morning,1519,21,0.8291306252657121
2026-04-17,Line-7,Afternoon,1354,2,0.8523983715889625
2026-04-17,Line-7,Night,527,1,0.8223805819725575
2026-04-18,Line-5,Afternoon,1722,97,0.9703317241601839
2026-04-18,Line-1,Afternoon,1825,59,0.9110429567614303
2026-04-18,Line-7,Morning,1281,24,0.8391592196839502
2026-04-18,Line-4,Afternoon,1747,81,0.859623210117067
2026-04-18,Line-9,Morning,691,23,0.9315276028702275
2026-04-18,Line-5,Night,1718,100,0.9464091113335025
2026-04-18,Line-7,Morning,1710,45,0.9563998260535596
2026-04-18,Line-1,Afternoon,637,58,0.8417107474672516
2026-04-18,Line-8,Night,743,98,0.9592226913678789
2026-04-18,Line-7,Night,1407,46,0.9007764980491693
2026-04-18,Line-10,Night,1623,68,0.8032842959196119
2026-04-18,Line-4,Morning,793,87,0.8253709565048819
