Date,Product,Batch_ID,Defects,Tested,Pass_Rate
2026-02-08,ProductB,BATCH-1358,15,1731,0.8664799983116376
2026-02-08,ProductA,BATCH-3622,23,1488,0.8535625467312388
2026-02-08,ProductA,BATCH-6434,46,1263,0.9155921998593092
2026-02-08,ProductD,BATCH-4966,7,1868,0.9058579477196964
2026-02-08,ProductE,BATCH-7916,21,915,0.9165666102230471
2026-02-08,ProductE,BATCH-5889,21,1863,0.9205050873472838
2026-02-08,ProductE,BATCH-8069,7,832,0.9583132602387452
2026-02-08,ProductC,BATCH-9433,25,1140,0.8996544695262366
2026-02-08,ProductA,BATCH-6323,26,1825,0.9406779200112187
2026-02-08,ProductA,BATCH-1594,10,1923,0.9643002610902944
2026-02-08,ProductD,BATCH-7484,38,1423,0.9455154879469214
2026-02-08,ProductB,BATCH-6811,32,964,0.9244150753191144
2026-02-08,ProductD,BATCH-4800,23,1565,0.8832785822201589
2026-02-08,ProductA,BATCH-8885,45,1760,0.8957171634409136
2026-02-08,ProductC,BATCH-2428,42,1097,0.8965460136845091
2026-02-08,ProductA,BATCH-9644,42,1844,0.9663129008489113
2026-02-08,ProductE,BATCH-1277,25,729,0.9619809835807719
2026-02-08,ProductA,BATCH-3828,44,1826,0.8665355667657182
2026-02-08,ProductD,BATCH-6388,9,1126,0.870317265914158
2026-02-09,ProductC,BATCH-6835,26,1806,0.8856700249712756
2026-02-09,ProductD,BATCH-6036,49,1771,0.9580833819415263
2026-02-09,ProductC,BATCH-7762,32,1834,0.9668025275496002
2026-02-09,ProductE,BATCH-7987,38,724,0.9609432530197685
2026-02-09,ProductC,BATCH-3793,45,1559,0.8842089535349148
2026-02-09,ProductD,BATCH-1441,9,1740,0.8701355418575051
2026-02-09,ProductA,BATCH-7221,21,1280,0.9103772332403376
2026-02-09,ProductA,BATCH-6203,6,594,0.9398167659097003
2026-02-09,ProductE,BATCH-5943,10,701,0.9711710302109737
2026-02-09,ProductC,BATCH-3700,44,749,0.9855100809574316
2026-02-09,ProductB,BATCH-2706,0,1542,0.886644245722614
2026-02-09,ProductA,BATCH-7281,48,1361,0.90606110038314
2026-02-09,ProductD,BATCH-4718,23,983,0.9743897980145959
2026-02-09,ProductC,BATCH-7406,34,1826,0.9336693494243479
2026-02-09,ProductA,BATCH-6482,45,1054,0.922738160657526
2026-02-09,ProductE,BATCH-2157,21,971,0.9026784227616168
2026-02-09,ProductA,BATCH-9586,44,1689,0.8740966936967205
2026-02-09,ProductA,BATCH-4572,48,1768,0.9717688690639656
2026-02-09,ProductD,BATCH-6091,8,1459,0.9061804633094778
2026-02-10,ProductC,BATCH-9418,13,567,0.8657308287696361
2026-02-10,ProductE,BATCH-3322,5,1443,0.900196605040074
2026-02-10,ProductB,BATCH-2382,5,1969,0.8572082506099682
2026-02-10,ProductD,BATCH-7405,38,1076,0.8981708324093269
2026-02-10,ProductA,BATCH-5519,42,1054,0.8952555849987754
2026-02-10,ProductB,BATCH-8299,20,1116,0.9337142518358725
2026-02-10,ProductD,BATCH-6163,13,1868,0.9102062105665589
2026-02-10,ProductB,BATCH-8122,31,1167,0.9319499114765863
2026-02-10,ProductD,BATCH-3429,45,897,0.9884022235938347
2026-02-10,ProductA,BATCH-3397,47,1713,0.9760880840945562
2026-02-10,ProductC,BATCH-1932,17,1059,0.9466007549721391
2026-02-10,ProductD,BATCH-3951,27,1326,0.9449183257165807
2026-02-10,ProductD,BATCH-6685,5,793,0.8874408108707105
2026-02-11,ProductE,BATCH-6916,6,1778,0.8765157682963955
2026-02-11,ProductC,BATCH-1264,37,582,0.982354851369366
2026-02-11,ProductD,BATCH-6018,22,1542,0.879028697308403
2026-02-11,ProductE,BATCH-5348,45,1947,0.9350803042371949
2026-02-11,ProductA,BATCH-4390,26,841,0.9589529497210549
2026-02-11,ProductA,BATCH-1611,15,728,0.9708252779284047
2026-02-11,ProductE,BATCH-8561,8,1260,0.9860013111429596
2026-02-11,ProductA,BATCH-3995,14,789,0.9052112923309352
2026-02-11,ProductE,BATCH-3545,24,1227,0.9577444756546123
2026-02-11,ProductD,BATCH-2795,27,1650,0.9261835584334226
2026-02-11,ProductD,BATCH-3719,17,1651,0.8949359063619082
2026-02-11,ProductB,BATCH-6124,33,641,0.9034212267681624
2026-02-11,ProductA,BATCH-2510,27,641,0.9893395584517819
2026-02-12,ProductE,BATCH-3916,14,1195,0.9674685865718117
2026-02-12,ProductA,BATCH-7667,24,1405,0.944985962643998
2026-02-12,ProductE,BATCH-4762,48,1165,0.920824350129193
2026-02-12,ProductC,BATCH-1973,21,1252,0.8573102392761043
2026-02-12,ProductB,BATCH-4729,44,1438,0.9829698928305382
2026-02-12,ProductB,BATCH-2864,12,1883,0.9262357505508886
2026-02-12,ProductD,BATCH-3389,33,877,0.9637707554738133
2026-02-12,ProductC,BATCH-9014,35,557,0.8582681346505256
2026-02-12,ProductB,BATCH-6521,35,913,0.8674379598187568
2026-02-12,ProductC,BATCH-7903,31,1633,0.9188407348060725
2026-02-12,ProductD,BATCH-7128,0,576,0.9113334157872296
2026-02-12,ProductD,BATCH-7700,18,1611,0.9579430932365445
2026-02-12,ProductB,BATCH-3486,37,582,0.9811991013244408
2026-02-12,ProductC,BATCH-8151,38,1878,0.9844228197674643
2026-02-12,ProductC,BATCH-8445,11,1510,0.9436758908170814
2026-02-12,ProductA,BATCH-9086,21,1212,0.9789140063669204
2026-02-13,ProductB,BATCH-6516,30,1313,0.9027847304295719
2026-02-13,ProductB,BATCH-1416,3,746,0.9097223159037073
2026-02-13,ProductB,BATCH-7889,2,1291,0.899620362981266
2026-02-13,ProductE,BATCH-2010,3,741,0.9575352014641599
2026-02-13,ProductD,BATCH-2900,37,1514,0.8960299227029063
2026-02-13,ProductA,BATCH-1244,43,1360,0.9070677900374119
2026-02-13,ProductA,BATCH-2741,1,578,0.8902421207124398
2026-02-13,ProductE,BATCH-6204,24,707,0.8657077192148582
2026-02-13,ProductB,BATCH-6643,1,1844,0.8868809575034036
2026-02-13,ProductA,BATCH-7178,44,1615,0.945721534626473
2026-02-13,ProductD,BATCH-4840,46,1777,0.9310575470159012
2026-02-13,ProductC,BATCH-5709,48,1009,0.8789254925428611
2026-02-13,ProductA,BATCH-2123,38,1831,0.9735845461161994
2026-02-13,ProductC,BATCH-9163,32,1470,0.9252313320203875
2026-02-13,ProductE,BATCH-4599,19,694,0.9878181167954133
2026-02-13,ProductA,BATCH-6165,47,706,0.8873948081361
2026-02-14,ProductD,BATCH-6684,0,1389,0.9256596609024182
2026-02-14,ProductB,BATCH-6256,9,507,0.9608965548119638
2026-02-14,ProductD,BATCH-9847,20,1335,0.9634638126072114
2026-02-14,ProductE,BATCH-1822,38,773,0.8548095465647365
2026-02-14,ProductC,BATCH-7551,34,1145,0.9518948065205344
2026-02-14,ProductD,BATCH-3220,46,1892,0.8586365604964896
2026-02-14,ProductD,BATCH-6037,42,1128,0.8887810986541895
2026-02-14,ProductC,BATCH-4310,47,1360,0.9768801986540919
2026-02-14,ProductD,BATCH-1811,47,787,0.876786390467086
2026-02-14,ProductE,BATCH-2271,6,917,0.8762482405095273
2026-02-14,ProductD,BATCH-9951,41,550,0.8530811304174802
2026-02-14,ProductB,BATCH-5224,27,1404,0.9000853095031266
2026-02-14,ProductD,BATCH-2059,28,688,0.8561907556431059
2026-02-14,ProductA,BATCH-2981,4,684,0.8951575678119639
2026-02-14,ProductA,BATCH-8081,8,1299,0.9101337698020481
2026-02-14,ProductD,BATCH-1814,36,1134,0.9812761532147728
2026-02-14,ProductB,BATCH-2412,12,1891,0.8758067802307965
2026-02-14,ProductC,BATCH-8526,34,1470,0.9894002803787201
2026-02-14,ProductA,BATCH-7082,49,854,0.9040187334398312
2026-02-15,ProductB,BATCH-5795,5,1407,0.9364222857263909
2026-02-15,ProductE,BATCH-9090,22,769,0.9639543535803736
2026-02-15,ProductE,BATCH-9481,32,1201,0.8650760847166842
2026-02-15,ProductC,BATCH-7980,43,1213,0.9516109213683103
2026-02-15,ProductC,BATCH-7759,27,1575,0.9061855615881514
2026-02-15,ProductD,BATCH-5117,6,1414,0.9499978905297807
2026-02-15,ProductD,BATCH-3182,18,663,0.8715161971001902
2026-02-15,ProductA,BATCH-3065,5,586,0.944292134188272
2026-02-15,ProductB,BATCH-1028,16,681,0.8993760239601799
2026-02-15,ProductC,BATCH-4294,19,1227,0.9499810037232991
2026-02-15,ProductB,BATCH-3254,13,1732,0.8781345461758325
2026-02-15,ProductA,BATCH-4936,38,1093,0.8927830589770356
2026-02-15,ProductB,BATCH-2356,2,1222,0.8859689953442181
2026-02-15,ProductA,BATCH-7854,22,892,0.9654266631364075
2026-02-16,ProductC,BATCH-9567,12,1447,0.9408617198311717
2026-02-16,ProductD,BATCH-4175,9,715,0.8702756609023329
2026-02-16,ProductD,BATCH-5096,12,991,0.9818591013233655
2026-02-16,ProductC,BATCH-8780,11,1886,0.9422208005993662
2026-02-16,ProductD,BATCH-4461,10,1983,0.928362840694462
2026-02-16,ProductD,BATCH-2427,35,653,0.8526244991624466
2026-02-16,ProductE,BATCH-5562,22,1091,0.9654772557784945
2026-02-16,ProductC,BATCH-7045,1,1786,0.8797791152717154
2026-02-16,ProductD,BATCH-9466,39,1515,0.8532512528561665
2026-02-16,ProductB,BATCH-7754,44,1006,0.9392658165427822
2026-02-17,ProductE,BATCH-1050,31,1353,0.9276503092500386
2026-02-17,ProductE,BATCH-6781,12,1855,0.9310470728666824
2026-02-17,ProductE,BATCH-9361,45,1685,0.8525821532829129
2026-02-17,ProductA,BATCH-5763,1,592,0.9716045950710467
2026-02-17,ProductC,BATCH-8040,30,814,0.9388139632836816
2026-02-17,ProductE,BATCH-2066,23,665,0.987250397857626
2026-02-17,ProductB,BATCH-7908,4,766,0.967909628865387
2026-02-17,ProductE,BATCH-2985,10,1478,0.9029226454317243
2026-02-17,ProductB,BATCH-3121,20,669,0.9659214397155245
2026-02-17,ProductA,BATCH-2386,22,1142,0.9200242902775111
2026-02-17,ProductE,BATCH-3204,1,1464,0.9835813264119149
2026-02-17,ProductE,BATCH-1775,40,1247,0.8787431786754404
2026-02-17,ProductB,BATCH-1614,38,1559,0.927955197082758
2026-02-18,ProductE,BATCH-3425,41,1511,0.9130995303479449
2026-02-18,ProductB,BATCH-2560,27,543,0.9356432400524478
2026-02-18,ProductD,BATCH-4484,5,1001,0.9356746233159376
2026-02-18,ProductA,BATCH-8509,2,1304,0.9060723911939748
2026-02-18,ProductB,BATCH-7435,3,1567,0.9332434619710972
2026-02-18,ProductA,BATCH-7748,6,1063,0.9406171943493867
2026-02-18,ProductA,BATCH-5059,11,1985,0.9266540265409777
2026-02-18,ProductE,BATCH-5163,9,1061,0.9388936073023557
2026-02-18,ProductE,BATCH-8278,28,968,0.8532858568069485
2026-02-18,ProductE,BATCH-4831,12,1698,0.9386333159339102
2026-02-18,ProductE,BATCH-1093,11,1808,0.8541880526355375
2026-02-18,ProductC,BATCH-6396,4,1042,0.9377039500178546
2026-02-18,ProductD,BATCH-2145,1,1610,0.9298002709379963
2026-02-18,ProductE,BATCH-9682,44,1629,0.8895804687598707
2026-02-18,ProductB,BATCH-8265,8,766,0.9104453031990513
2026-02-18,ProductD,BATCH-8896,10,1608,0.9218757938937698
2026-02-18,ProductD,BATCH-3221,11,1170,0.9384989993028225
2026-02-18,ProductD,BATCH-3891,3,1891,0.8907557760148472
2026-02-19,ProductE,BATCH-1038,0,747,0.9090565116760659
2026-02-19,ProductC,BATCH-7254,40,1570,0.8571074892478897
2026-02-19,ProductB,BATCH-1152,48,1865,0.9544854742631036
2026-02-19,ProductB,BATCH-7078,19,1364,0.9815151233781774
2026-02-19,ProductE,BATCH-5008,44,1975,0.9361906735842987
2026-02-19,ProductE,BATCH-3946,26,725,0.9181195299952118
2026-02-19,ProductC,BATCH-5034,44,1609,0.9415817238209685
2026-02-19,ProductA,BATCH-5697,28,1673,0.9360264259741551
2026-02-19,ProductD,BATCH-8626,32,979,0.8979915068665574
2026-02-19,ProductE,BATCH-5475,45,1966,0.9072816348968675
2026-02-19,ProductD,BATCH-3423,42,1676,0.9619348465726438
2026-02-20,ProductB,BATCH-4728,27,1519,0.917939407539847
2026-02-20,ProductE,BATCH-6235,30,1129,0.8792229614216995
2026-02-20,ProductB,BATCH-8715,13,680,0.8821760104372136
2026-02-20,ProductC,BATCH-9060,10,843,0.9472099392098805
2026-02-20,ProductB,BATCH-7630,19,1190,0.9380030835006947
2026-02-20,ProductB,BATCH-4844,49,1821,0.9628854739907867
2026-02-20,ProductA,BATCH-7471,11,1901,0.9688199914864456
2026-02-20,ProductA,BATCH-7652,2,943,0.872955869945635
2026-02-20,ProductD,BATCH-2993,9,937,0.8811271619343117
2026-02-20,ProductA,BATCH-3251,31,1401,0.974330123980569
2026-02-20,ProductC,BATCH-8977,34,1243,0.9864907054955547
2026-02-20,ProductA,BATCH-9633,39,1926,0.9623523771959974
2026-02-20,ProductE,BATCH-1357,4,1177,0.8807911628697485
2026-02-20,ProductB,BATCH-7451,3,1273,0.8706551692176494
2026-02-20,ProductA,BATCH-8653,6,1838,0.8994707438816747
2026-02-20,ProductB,BATCH-8861,23,1958,0.956154358746773
2026-02-21,ProductD,BATCH-5126,35,1651,0.8693130797155487
2026-02-21,ProductE,BATCH-2831,17,1518,0.9685236768054329
2026-02-21,ProductA,BATCH-1555,24,1545,0.9001224052979131
2026-02-21,ProductE,BATCH-9137,18,1243,0.8857339435762869
2026-02-21,ProductC,BATCH-5756,37,1167,0.8558404437127648
2026-02-21,ProductC,BATCH-6249,49,907,0.878454557733155
2026-02-21,ProductB,BATCH-8526,47,877,0.9278942232024341
2026-02-21,ProductC,BATCH-8724,44,1033,0.9339922244766992
2026-02-21,ProductC,BATCH-7446,39,971,0.960356142201602
2026-02-21,ProductB,BATCH-6148,9,710,0.8860454114993567
2026-02-21,ProductB,BATCH-6126,45,982,0.8848009807021284
2026-02-22,ProductE,BATCH-4543,9,635,0.922498441203675
2026-02-22,ProductC,BATCH-6588,8,621,0.912518047280567
2026-02-22,ProductE,BATCH-5780,20,1216,0.9170597958416925
2026-02-22,ProductA,BATCH-5947,2,597,0.9030411793959975
2026-02-22,ProductB,BATCH-6972,45,1784,0.9714071211555356
2026-02-22,ProductB,BATCH-4479,20,923,0.8908491770125279
2026-02-22,ProductC,BATCH-9896,17,1569,0.9305007112150963
2026-02-22,ProductE,BATCH-4237,15,1152,0.9499827761651036
2026-02-22,ProductE,BATCH-5699,37,611,0.8855008498862691
2026-02-22,ProductA,BATCH-7235,39,1979,0.9526785962926951
2026-02-22,ProductB,BATCH-2484,4,1512,0.9434940683350831
2026-02-22,ProductA,BATCH-8763,43,1286,0.9207980584292991
2026-02-22,ProductA,BATCH-1582,1,1196,0.9451559431554537
2026-02-22,ProductA,BATCH-9883,46,654,0.9251921860296267
2026-02-22,ProductD,BATCH-9853,30,1284,0.8787161212874665
2026-02-22,ProductB,BATCH-5770,36,971,0.9455613382920118
2026-02-22,ProductB,BATCH-1331,0,706,0.949451259342413
2026-02-22,ProductD,BATCH-9938,17,1798,0.8858876782200068
2026-02-23,ProductB,BATCH-3742,0,1035,0.8830502369493265
2026-02-23,ProductB,BATCH-2247,2,1826,0.9520481078241882
2026-02-23,ProductE,BATCH-7277,2,846,0.8541682561589234
2026-02-23,ProductB,BATCH-7888,10,1652,0.9352422005823318
2026-02-23,ProductD,BATCH-7893,17,1654,0.9679279503635198
2026-02-23,ProductC,BATCH-1299,38,1301,0.9139993789647998
2026-02-23,ProductD,BATCH-7742,41,1101,0.897725933684071
2026-02-23,ProductB,BATCH-3583,39,1058,0.8934866920969875
2026-02-23,ProductD,BATCH-8109,2,1525,0.860387625641553
2026-02-23,ProductD,BATCH-7286,10,584,0.9551841480825319
2026-02-23,ProductA,BATCH-2434,19,971,0.857439499061338
2026-02-23,ProductB,BATCH-9560,1,1668,0.9082216705778914
2026-02-23,ProductA,BATCH-8857,27,860,0.892213059099685
2026-02-23,ProductD,BATCH-1591,24,865,0.9538805250698733
2026-02-23,ProductE,BATCH-5774,38,728,0.8616042003455526
2026-02-23,ProductE,BATCH-2094,36,1946,0.8965567397956017
2026-02-23,ProductE,BATCH-5745,3,1625,0.924455437335277
2026-02-24,ProductA,BATCH-7790,49,1262,0.8866555784479736
2026-02-24,ProductD,BATCH-5024,10,1301,0.9463505835127568
2026-02-24,ProductB,BATCH-1989,15,1523,0.8885164324331466
2026-02-24,ProductA,BATCH-8530,31,845,0.9359809226012431
2026-02-24,ProductD,BATCH-8209,13,927,0.9423338904227986
2026-02-24,ProductE,BATCH-2482,44,1651,0.9743996430567975
2026-02-24,ProductD,BATCH-6720,38,1633,0.9701428153221232
2026-02-24,ProductA,BATCH-2362,6,1598,0.8806576251794271
2026-02-24,ProductB,BATCH-9285,7,664,0.870736300972369
2026-02-24,ProductB,BATCH-2812,0,903,0.9867628053101238
2026-02-24,ProductC,BATCH-2587,34,895,0.9373002539462321
2026-02-24,ProductD,BATCH-8843,4,1927,0.9371571461483199
2026-02-24,ProductC,BATCH-7310,5,514,0.8686212500077126
2026-02-24,ProductB,BATCH-5344,34,1422,0.9423832842799286
2026-02-24,ProductE,BATCH-6107,28,762,0.9513992513802875
2026-02-25,ProductE,BATCH-6562,37,577,0.916990155250665
2026-02-25,ProductD,BATCH-4280,5,1554,0.9368779069213627
2026-02-25,ProductE,BATCH-1083,25,1815,0.9735455450881876
2026-02-25,ProductB,BATCH-8753,27,770,0.9645613004370611
2026-02-25,ProductC,BATCH-1416,14,1673,0.9023604521420262
2026-02-25,ProductA,BATCH-6027,23,616,0.9710719347850647
2026-02-25,ProductD,BATCH-1253,11,1486,0.9092817525306849
2026-02-25,ProductB,BATCH-4213,13,1685,0.8999168548602026
2026-02-25,ProductC,BATCH-9016,3,806,0.967132131236413
2026-02-25,ProductA,BATCH-8761,21,1664,0.9581301687903531
2026-02-25,ProductA,BATCH-8695,48,999,0.9023822667592829
2026-02-25,ProductB,BATCH-8824,33,1322,0.9363353437371221
2026-02-25,ProductA,BATCH-4633,9,797,0.9852628200212237
2026-02-26,ProductC,BATCH-5131,46,1634,0.9043616614616932
2026-02-26,ProductA,BATCH-9969,30,1594,0.9316649032999226
2026-02-26,ProductB,BATCH-6029,8,1613,0.9769654499467204
2026-02-26,ProductC,BATCH-2850,8,1390,0.8523723564875029
2026-02-26,ProductC,BATCH-6056,34,998,0.9250098237048777
2026-02-26,ProductB,BATCH-3280,42,1913,0.9657146383513058
2026-02-26,ProductB,BATCH-7746,40,1851,0.9262138168265353
2026-02-26,ProductA,BATCH-3465,35,1508,0.9444094514425849
2026-02-26,ProductE,BATCH-4444,32,853,0.8535588973797767
2026-02-26,ProductC,BATCH-5968,0,930,0.903880054936363
2026-02-26,ProductA,BATCH-4118,18,1640,0.9481529840783168
2026-02-26,ProductC,BATCH-3842,48,1535,0.8630651736353009
2026-02-27,ProductB,BATCH-7330,29,523,0.910008471468071
2026-02-27,ProductA,BATCH-4370,2,1632,0.9134675398930753
2026-02-27,ProductA,BATCH-3770,36,1114,0.9890896102343805
2026-02-27,ProductA,BATCH-3323,38,684,0.8705497408052444
2026-02-27,ProductE,BATCH-3094,25,1456,0.9809374862805984
2026-02-27,ProductE,BATCH-9750,45,1502,0.9219329512081759
2026-02-27,ProductA,BATCH-9748,49,771,0.9375676264430681
2026-02-27,ProductB,BATCH-3293,45,1662,0.9031395186847353
2026-02-27,ProductB,BATCH-8141,31,1357,0.9800897324429264
2026-02-27,ProductB,BATCH-7394,37,1659,0.9820202255359347
2026-02-27,ProductC,BATCH-1387,25,1510,0.9322355588239978
2026-02-27,ProductE,BATCH-6523,28,1174,0.8522849018938968
2026-02-28,ProductB,BATCH-6555,16,587,0.8989269734711912
2026-02-28,ProductD,BATCH-3646,19,1845,0.9360845479516229
2026-02-28,ProductC,BATCH-5866,8,1586,0.9423562251970925
2026-02-28,ProductB,BATCH-5619,21,795,0.9072733623503016
2026-02-28,ProductB,BATCH-5275,15,1828,0.9555277208724754
2026-02-28,ProductB,BATCH-4669,4,582,0.9693959578851142
2026-02-28,ProductB,BATCH-3630,0,1653,0.9067829717400145
2026-02-28,ProductD,BATCH-2039,30,1938,0.9565138072343078
2026-02-28,ProductA,BATCH-1334,11,1193,0.9813920506471253
2026-02-28,ProductB,BATCH-4303,23,1707,0.9192861286875148
2026-02-28,ProductD,BATCH-2767,45,503,0.9778125901682634
2026-02-28,ProductC,BATCH-7630,25,695,0.9341340515363743
2026-03-01,ProductE,BATCH-8632,36,1068,0.9115198158581002
2026-03-01,ProductE,BATCH-8870,29,1852,0.9168531441622566
2026-03-01,ProductB,BATCH-1674,29,1541,0.9452994567868861
2026-03-01,ProductE,BATCH-1987,38,1612,0.9342509943105659
2026-03-01,ProductA,BATCH-8008,16,843,0.9586333248810898
2026-03-01,ProductC,BATCH-7071,36,870,0.9215157712774248
2026-03-01,ProductE,BATCH-3923,23,1717,0.9340971869751555
2026-03-01,ProductB,BATCH-1208,3,1341,0.901106922672051
2026-03-01,ProductB,BATCH-1438,8,1085,0.8919922497502429
2026-03-01,ProductA,BATCH-6319,12,1695,0.9663624893331912
2026-03-01,ProductD,BATCH-9450,39,1617,0.9694456207217281
2026-03-01,ProductC,BATCH-6314,47,932,0.9269479762173867
2026-03-01,ProductB,BATCH-8819,31,948,0.8565180622216202
2026-03-01,ProductA,BATCH-9838,0,1186,0.9642147091318677
2026-03-01,ProductD,BATCH-4935,27,1407,0.9748951227628354
2026-03-01,ProductC,BATCH-7788,34,1102,0.8595136918045257
2026-03-01,ProductD,BATCH-8081,23,808,0.9322882314366591
2026-03-01,ProductE,BATCH-4915,27,804,0.8672851773252962
2026-03-01,ProductE,BATCH-8127,15,983,0.9113937343684966
2026-03-02,ProductC,BATCH-2099,18,575,0.9242028499863326
2026-03-02,ProductC,BATCH-9260,18,589,0.8787839781707456
2026-03-02,ProductC,BATCH-5780,0,1750,0.9612036256535705
2026-03-02,ProductC,BATCH-6847,30,881,0.8837407442247865
2026-03-02,ProductE,BATCH-2054,17,1749,0.9770396616065933
2026-03-02,ProductB,BATCH-2324,14,1738,0.9376766140234919
2026-03-02,ProductB,BATCH-5341,48,502,0.9894833937380713
2026-03-02,ProductB,BATCH-1864,7,1671,0.905287278394359
2026-03-02,ProductB,BATCH-8297,39,716,0.9600330416456982
2026-03-02,ProductB,BATCH-3966,47,773,0.9887001151796031
2026-03-02,ProductC,BATCH-7639,31,1822,0.8626922199817655
2026-03-02,ProductA,BATCH-9443,26,1937,0.8589992918772782
2026-03-02,ProductD,BATCH-1187,45,772,0.9042814438749855
2026-03-02,ProductD,BATCH-2061,40,1992,0.8938231661903996
2026-03-02,ProductA,BATCH-6422,1,1858,0.9684970067927209
2026-03-02,ProductA,BATCH-8997,40,1797,0.9205457230058911
2026-03-02,ProductB,BATCH-1873,16,1612,0.9471146545646248
2026-03-03,ProductE,BATCH-4742,40,1195,0.9695849388000657
2026-03-03,ProductA,BATCH-3409,16,1091,0.9346445617704949
2026-03-03,ProductC,BATCH-4876,25,754,0.9676303508697468
2026-03-03,ProductC,BATCH-4613,21,1126,0.9843620145104384
2026-03-03,ProductE,BATCH-5148,8,758,0.9459438352400003
2026-03-03,ProductA,BATCH-5270,42,1392,0.963969289868233
2026-03-03,ProductE,BATCH-5530,7,890,0.9218380066092916
2026-03-03,ProductC,BATCH-6761,27,1472,0.9482618784065094
2026-03-03,ProductD,BATCH-1469,28,1750,0.8984223046658103
2026-03-03,ProductE,BATCH-6265,18,557,0.9383791804529893
2026-03-03,ProductA,BATCH-6386,49,756,0.9046745656514652
2026-03-03,ProductD,BATCH-3896,9,1519,0.9883517025911221
2026-03-03,ProductA,BATCH-7082,31,1918,0.8721770622427056
2026-03-03,ProductB,BATCH-4815,36,1909,0.8740242898757623
2026-03-03,ProductA,BATCH-7358,18,558,0.9357682876437323
2026-03-03,ProductE,BATCH-4358,35,1633,0.881481529952462
2026-03-03,ProductD,BATCH-2406,28,1122,0.8722418986201725
2026-03-04,ProductA,BATCH-9358,29,682,0.9689163588554727
2026-03-04,ProductC,BATCH-8507,22,663,0.9611794859847731
2026-03-04,ProductD,BATCH-2359,15,1555,0.9890707350706538
2026-03-04,ProductB,BATCH-6286,5,1973,0.8879091739045968
2026-03-04,ProductA,BATCH-4523,33,1662,0.8921873491262543
2026-03-04,ProductB,BATCH-8020,9,975,0.8885526904165624
2026-03-04,ProductD,BATCH-5959,15,1951,0.9557151236337453
2026-03-04,ProductD,BATCH-7220,20,1501,0.9613886678585
2026-03-04,ProductE,BATCH-9456,47,1305,0.9438099934954758
2026-03-04,ProductC,BATCH-9575,38,1836,0.9558819831502197
2026-03-04,ProductB,BATCH-9238,29,991,0.8825042728920225
2026-03-04,ProductD,BATCH-2139,2,751,0.9605728791521905
2026-03-04,ProductA,BATCH-4742,4,1056,0.8688541428035585
2026-03-04,ProductE,BATCH-7351,26,1043,0.9090161694015131
2026-03-05,ProductC,BATCH-5014,14,970,0.9112602499897501
2026-03-05,ProductE,BATCH-9334,8,763,0.8848184998470056
2026-03-05,ProductD,BATCH-5258,38,1014,0.8596565407494816
2026-03-05,ProductB,BATCH-4722,10,953,0.9304874915688133
2026-03-05,ProductD,BATCH-7603,0,1581,0.960337270946706
2026-03-05,ProductA,BATCH-3839,18,1476,0.9010379608729463
2026-03-05,ProductA,BATCH-6860,38,1802,0.8682246632891594
2026-03-05,ProductB,BATCH-4324,39,1501,0.9470287306586676
2026-03-05,ProductE,BATCH-3946,34,1112,0.947391974801133
2026-03-05,ProductE,BATCH-3575,46,1592,0.961561987574744
2026-03-05,ProductE,BATCH-1127,15,645,0.9644724751236091
2026-03-05,ProductE,BATCH-5992,13,747,0.9483329800890463
2026-03-05,ProductE,BATCH-7983,22,660,0.8553283520665121
2026-03-05,ProductB,BATCH-7727,35,1187,0.9846561879723903
2026-03-05,ProductD,BATCH-5145,27,1063,0.9421712086984282
2026-03-06,ProductA,BATCH-9468,42,520,0.9710917906487977
2026-03-06,ProductD,BATCH-4838,23,1933,0.9823616553460254
2026-03-06,ProductE,BATCH-9012,26,1688,0.9118480020249141
2026-03-06,ProductD,BATCH-8146,33,1781,0.9894275338325864
2026-03-06,ProductA,BATCH-4602,43,1007,0.8829066588689578
2026-03-06,ProductD,BATCH-3583,33,1434,0.9534295339878255
2026-03-06,ProductA,BATCH-3435,4,658,0.8968923182795616
2026-03-06,ProductB,BATCH-2599,15,1472,0.9836995378246707
2026-03-06,ProductE,BATCH-9543,16,900,0.9706410472339618
2026-03-06,ProductD,BATCH-8348,2,1314,0.887496993025361
2026-03-06,ProductB,BATCH-8797,44,1695,0.9516180457494199
2026-03-06,ProductB,BATCH-1331,40,1653,0.8734132898652562
2026-03-06,ProductD,BATCH-1370,40,898,0.9019149996566761
2026-03-06,ProductB,BATCH-8288,30,1945,0.9383263748444958
2026-03-06,ProductD,BATCH-3233,6,1073,0.9885524800514247
2026-03-06,ProductE,BATCH-9655,25,865,0.9721701859906596
2026-03-07,ProductD,BATCH-8588,38,1954,0.9590077095011467
2026-03-07,ProductE,BATCH-1029,18,1525,0.8779744819418567
2026-03-07,ProductD,BATCH-5306,4,1194,0.8927287722864509
2026-03-07,ProductC,BATCH-8653,14,1702,0.9193218487538634
2026-03-07,ProductE,BATCH-6044,45,857,0.9105775361288867
2026-03-07,ProductB,BATCH-1196,11,980,0.9544452285790601
2026-03-07,ProductC,BATCH-2778,15,1823,0.9439540655377173
2026-03-07,ProductB,BATCH-1829,26,1735,0.866723415368595
2026-03-07,ProductE,BATCH-1781,38,1327,0.9543953359429334
2026-03-07,ProductC,BATCH-6567,14,1245,0.8734630566523328
2026-03-07,ProductE,BATCH-9051,11,776,0.9144372712809918
2026-03-07,ProductA,BATCH-8768,26,1963,0.9495114782160238
2026-03-07,ProductC,BATCH-8045,43,524,0.915335999513794
2026-03-07,ProductD,BATCH-7422,11,1542,0.9711701158682492
2026-03-07,ProductD,BATCH-3381,17,1336,0.8816609218831898
2026-03-07,ProductA,BATCH-1231,17,1637,0.8967604101117028
2026-03-07,ProductC,BATCH-1132,34,1685,0.9663483546275617
2026-03-07,ProductA,BATCH-1384,7,1110,0.897706074153575
2026-03-07,ProductB,BATCH-1131,9,707,0.8604364451574352
2026-03-08,ProductE,BATCH-6138,39,1227,0.8713430322098549
2026-03-08,ProductA,BATCH-9046,44,1799,0.9788297224540692
2026-03-08,ProductB,BATCH-5190,31,1517,0.8954308634700795
2026-03-08,ProductE,BATCH-6288,2,1212,0.862818587216763
2026-03-08,ProductB,BATCH-4991,33,1504,0.9341517467811912
2026-03-08,ProductD,BATCH-5513,35,1730,0.9124893853848384
2026-03-08,ProductA,BATCH-2908,29,921,0.9548933046158835
2026-03-08,ProductA,BATCH-2555,16,1171,0.8887266052102031
2026-03-08,ProductB,BATCH-3276,22,622,0.9339687512680994
2026-03-08,ProductD,BATCH-8763,19,1445,0.9211444901485079
2026-03-08,ProductD,BATCH-4744,29,1520,0.8774848810578759
2026-03-08,ProductC,BATCH-6309,36,982,0.9330968761025878
2026-03-08,ProductB,BATCH-7977,46,1107,0.9738993072583769
2026-03-08,ProductA,BATCH-9063,39,1216,0.8805007841848062
2026-03-08,ProductB,BATCH-1680,20,506,0.9527238538879607
2026-03-08,ProductC,BATCH-3217,27,1749,0.978841276952126
2026-03-08,ProductA,BATCH-4386,16,984,0.9699308257355992
2026-03-08,ProductA,BATCH-6205,31,1196,0.8921924224643738
2026-03-08,ProductE,BATCH-7902,22,1938,0.8845066405923465
2026-03-09,ProductA,BATCH-3097,39,1584,0.9390362106302124
2026-03-09,ProductC,BATCH-3169,48,604,0.92831535682482
2026-03-09,ProductB,BATCH-1776,5,1483,0.9889307035723508
2026-03-09,ProductD,BATCH-3558,13,509,0.8554520203771789
2026-03-09,ProductD,BATCH-6288,20,809,0.9110667153486812
2026-03-09,ProductA,BATCH-2116,27,675,0.9611386361170546
2026-03-09,ProductD,BATCH-2314,31,699,0.8601433596245293
2026-03-09,ProductA,BATCH-3117,2,1875,0.9495988505605888
2026-03-09,ProductE,BATCH-9249,18,1458,0.9824137253951006
2026-03-09,ProductE,BATCH-2369,6,1445,0.8867461369830629
2026-03-09,ProductE,BATCH-2008,2,1671,0.9106569257870448
2026-03-09,ProductC,BATCH-3592,43,1852,0.9440128757865726
2026-03-09,ProductE,BATCH-4342,39,1009,0.9285545156204131
2026-03-10,ProductB,BATCH-1420,37,1229,0.9694739759066953
2026-03-10,ProductC,BATCH-2965,45,1583,0.9595175919283592
2026-03-10,ProductB,BATCH-6766,16,1662,0.9663692149137408
2026-03-10,ProductE,BATCH-4008,38,1394,0.9313947042741544
2026-03-10,ProductA,BATCH-5296,38,852,0.8964555132232441
2026-03-10,ProductE,BATCH-6949,40,1677,0.9210102510386371
2026-03-10,ProductC,BATCH-2782,42,506,0.9375031490913364
2026-03-10,ProductE,BATCH-8124,30,1612,0.9395176431277427
2026-03-10,ProductD,BATCH-3971,25,1094,0.8516803653608245
2026-03-10,ProductD,BATCH-7165,17,1110,0.9014612285004107
2026-03-10,ProductD,BATCH-4038,17,522,0.9735861844878559
2026-03-10,ProductD,BATCH-2440,43,957,0.9316171078543373
2026-03-10,ProductB,BATCH-3237,3,534,0.9736418499030085
2026-03-10,ProductB,BATCH-2294,31,1786,0.9190545694794043
2026-03-10,ProductB,BATCH-3973,49,1209,0.966304943684604
2026-03-10,ProductB,BATCH-6994,41,1576,0.8648548330221983
2026-03-10,ProductD,BATCH-8807,3,1377,0.9151565789064977
2026-03-10,ProductA,BATCH-4046,21,623,0.9562639378638312
2026-03-10,ProductE,BATCH-2226,5,1853,0.8563291060239046
2026-03-11,ProductD,BATCH-7368,6,1452,0.8548076087600546
2026-03-11,ProductE,BATCH-3785,14,724,0.9846109818665879
2026-03-11,ProductE,BATCH-5439,8,1903,0.9576285705701957
2026-03-11,ProductB,BATCH-9623,8,1253,0.8867885761724331
2026-03-11,ProductD,BATCH-6896,11,1538,0.8515664545743679
2026-03-11,ProductC,BATCH-6108,40,1940,0.9226488073245642
2026-03-11,ProductE,BATCH-9682,16,1501,0.8502584982945832
2026-03-11,ProductA,BATCH-8421,1,827,0.9174056092534005
2026-03-11,ProductB,BATCH-1637,10,1109,0.9430880088705997
2026-03-11,ProductE,BATCH-6308,11,1230,0.9516289241428859
2026-03-11,ProductB,BATCH-7711,9,716,0.9859641606502283
2026-03-12,ProductA,BATCH-2753,3,1354,0.8891552734359711
2026-03-12,ProductA,BATCH-4424,14,502,0.9328787406525922
2026-03-12,ProductC,BATCH-9522,33,1154,0.978614158473764
2026-03-12,ProductB,BATCH-1694,41,1138,0.8862116544695902
2026-03-12,ProductC,BATCH-1504,1,1691,0.9668972773183778
2026-03-12,ProductB,BATCH-2853,12,1123,0.9026215988449681
2026-03-12,ProductC,BATCH-7254,49,957,0.8521236765219031
2026-03-12,ProductE,BATCH-8534,0,542,0.9504228368132109
2026-03-12,ProductB,BATCH-4620,6,1618,0.9085984932890618
2026-03-12,ProductD,BATCH-8947,41,1549,0.8676554674617561
2026-03-13,ProductB,BATCH-3501,31,1930,0.9387247939544925
2026-03-13,ProductD,BATCH-4800,29,1124,0.8908484187979859
2026-03-13,ProductD,BATCH-2045,42,1422,0.865163863269126
2026-03-13,ProductA,BATCH-7137,36,1291,0.897878794391474
2026-03-13,ProductB,BATCH-4644,48,1165,0.896421608097469
2026-03-13,ProductA,BATCH-2013,17,1550,0.9389118840221301
2026-03-13,ProductE,BATCH-1574,39,1705,0.9078447525495349
2026-03-13,ProductC,BATCH-2912,14,738,0.9879538066206216
2026-03-13,ProductC,BATCH-7194,6,773,0.9264216518644142
2026-03-13,ProductE,BATCH-7030,9,789,0.9657030345244157
2026-03-13,ProductE,BATCH-9288,4,1361,0.9045649040291076
2026-03-14,ProductD,BATCH-5594,11,1127,0.8766848568670697
2026-03-14,ProductE,BATCH-5472,36,841,0.8500960015447451
2026-03-14,ProductA,BATCH-7563,5,1856,0.8540014924879212
2026-03-14,ProductC,BATCH-1237,47,1663,0.912415523177978
2026-03-14,ProductC,BATCH-1396,14,917,0.9438101432093472
2026-03-14,ProductB,BATCH-4932,18,1629,0.9037865508682982
2026-03-14,ProductA,BATCH-1805,18,919,0.9203020595046887
2026-03-14,ProductD,BATCH-5523,16,537,0.8708447395677026
2026-03-14,ProductB,BATCH-8148,18,1108,0.9760092217275551
2026-03-14,ProductC,BATCH-5761,37,1867,0.9319736043087075
2026-03-14,ProductA,BATCH-9498,1,1821,0.8834179026377906
2026-03-14,ProductA,BATCH-4725,26,1221,0.986084974821143
2026-03-14,ProductC,BATCH-5494,13,1941,0.9038929022568639
2026-03-14,ProductC,BATCH-7847,39,1595,0.9569806613753401
2026-03-14,ProductC,BATCH-4450,15,662,0.9579731102236179
2026-03-14,ProductE,BATCH-7853,13,1904,0.9596465046355729
2026-03-15,ProductB,BATCH-7086,21,1259,0.8880021729336119
2026-03-15,ProductB,BATCH-3028,28,1966,0.8740824360784212
2026-03-15,ProductA,BATCH-8288,48,958,0.855357061516184
2026-03-15,ProductB,BATCH-6262,39,1077,0.8831742732477412
2026-03-15,ProductE,BATCH-3624,49,660,0.983597763270911
2026-03-15,ProductB,BATCH-4928,22,1154,0.9466735243350711
2026-03-15,ProductA,BATCH-6435,8,1928,0.9422276783526135
2026-03-15,ProductC,BATCH-5861,29,500,0.8824744656054812
2026-03-15,ProductC,BATCH-2289,4,1643,0.9881242195732334
2026-03-15,ProductC,BATCH-6114,26,1908,0.8635169604017865
2026-03-15,ProductE,BATCH-1432,0,1888,0.9777579959368681
2026-03-15,ProductE,BATCH-2605,17,719,0.9081997193433688
2026-03-15,ProductE,BATCH-1365,38,1806,0.8601143177817651
2026-03-15,ProductE,BATCH-6266,8,947,0.9255085909867047
2026-03-16,ProductC,BATCH-8125,25,1101,0.8990340391274187
2026-03-16,ProductE,BATCH-5393,11,1771,0.8583649644310747
2026-03-16,ProductA,BATCH-4882,6,1987,0.9297762882858641
2026-03-16,ProductC,BATCH-3048,35,1198,0.8884723257944154
2026-03-16,ProductA,BATCH-3409,16,1011,0.8572508695226857
2026-03-16,ProductC,BATCH-9045,30,1977,0.947408184479922
2026-03-16,ProductD,BATCH-8454,1,1177,0.8512027863855247
2026-03-16,ProductA,BATCH-4862,28,1242,0.8933124350459037
2026-03-16,ProductD,BATCH-7993,28,858,0.9138813312285845
2026-03-16,ProductC,BATCH-6744,2,645,0.9469305054903293
2026-03-16,ProductA,BATCH-7746,47,1472,0.8776722741189726
2026-03-16,ProductE,BATCH-3914,18,989,0.8879041750399167
2026-03-16,ProductA,BATCH-2286,36,882,0.9680937838204074
2026-03-16,ProductB,BATCH-5504,11,1414,0.9324617939253127
2026-03-17,ProductB,BATCH-1382,25,1715,0.8922907534208363
2026-03-17,ProductE,BATCH-3019,12,1436,0.9446159288914897
2026-03-17,ProductE,BATCH-5430,24,1031,0.8719887024078673
2026-03-17,ProductC,BATCH-2012,35,859,0.9361010644108545
2026-03-17,ProductC,BATCH-3442,32,1457,0.9017821412960966
2026-03-17,ProductB,BATCH-6743,14,1797,0.8936968706886074
2026-03-17,ProductC,BATCH-6326,10,1978,0.9863522242426999
2026-03-17,ProductE,BATCH-4972,26,965,0.8873227684603698
2026-03-17,ProductB,BATCH-4631,45,556,0.8890101813837724
2026-03-17,ProductE,BATCH-8647,40,1067,0.8923313332440015
2026-03-17,ProductA,BATCH-8571,47,1810,0.9162125445745464
2026-03-17,ProductE,BATCH-8233,8,831,0.8992508098734815
2026-03-17,ProductE,BATCH-7101,25,1626,0.9717351653170041
2026-03-18,ProductB,BATCH-1652,0,700,0.9445200850821828
2026-03-18,ProductA,BATCH-1640,34,885,0.9683254720493418
2026-03-18,ProductE,BATCH-9755,21,1091,0.8692173886818231
2026-03-18,ProductA,BATCH-4743,33,1608,0.9075351321893752
2026-03-18,ProductB,BATCH-2493,29,1856,0.8808794761399794
2026-03-18,ProductA,BATCH-1050,38,1152,0.9651036442300631
2026-03-18,ProductD,BATCH-9997,35,1275,0.9240801886401102
2026-03-18,ProductA,BATCH-8571,0,1894,0.8556651916726303
2026-03-18,ProductA,BATCH-4062,40,1773,0.9084963842747655
2026-03-18,ProductD,BATCH-2563,37,1733,0.8610342617725928
2026-03-18,ProductB,BATCH-7665,34,1561,0.8521743104447842
2026-03-19,ProductC,BATCH-8248,0,1749,0.8583610542599207
2026-03-19,ProductC,BATCH-6691,27,1398,0.9566138457054828
2026-03-19,ProductD,BATCH-7344,3,971,0.8601823961065501
2026-03-19,ProductC,BATCH-2403,33,1643,0.9716874826909577
2026-03-19,ProductB,BATCH-4895,23,941,0.8656032958988563
2026-03-19,ProductC,BATCH-9400,19,770,0.8730803519258605
2026-03-19,ProductD,BATCH-8596,40,1099,0.9186006048802756
2026-03-19,ProductC,BATCH-8029,1,1409,0.89200095372511
2026-03-19,ProductA,BATCH-9056,14,1430,0.9766436249631829
2026-03-19,ProductE,BATCH-1696,9,1450,0.9849950374784364
2026-03-19,ProductE,BATCH-7089,12,1471,0.9817034503197867
2026-03-19,ProductE,BATCH-5444,14,1604,0.9279638248924732
2026-03-19,ProductD,BATCH-1469,29,1349,0.9840422825836919
2026-03-20,ProductC,BATCH-6809,26,533,0.9323028624502756
2026-03-20,ProductA,BATCH-5950,40,1864,0.9444192168235941
2026-03-20,ProductD,BATCH-8421,24,1305,0.9415696476465956
2026-03-20,ProductD,BATCH-8507,17,1505,0.9153731564246723
2026-03-20,ProductE,BATCH-1898,19,1510,0.8609998396450897
2026-03-20,ProductB,BATCH-8250,38,1200,0.9197673691040549
2026-03-20,ProductA,BATCH-1804,34,1591,0.9395721783439133
2026-03-20,ProductA,BATCH-6277,30,703,0.8721931346528082
2026-03-20,ProductB,BATCH-6848,17,1985,0.9324680172965438
2026-03-20,ProductE,BATCH-6621,2,1737,0.966557231140077
2026-03-21,ProductD,BATCH-3579,46,737,0.9564910672072507
2026-03-21,ProductC,BATCH-8106,20,944,0.9743106751687334
2026-03-21,ProductB,BATCH-8723,9,1062,0.856256071128384
2026-03-21,ProductE,BATCH-7277,35,1753,0.8634320035201819
2026-03-21,ProductD,BATCH-7669,18,655,0.9899506006775263
2026-03-21,ProductA,BATCH-1776,25,512,0.8634686691404154
2026-03-21,ProductD,BATCH-8450,10,1094,0.9457619969312145
2026-03-21,ProductE,BATCH-9705,32,1762,0.8894562389658687
2026-03-21,ProductA,BATCH-9087,48,1929,0.8718869592333587
2026-03-21,ProductE,BATCH-4492,43,771,0.8815354983445125
2026-03-21,ProductE,BATCH-9319,21,763,0.8579326976153712
2026-03-21,ProductC,BATCH-9746,33,1708,0.9211144340660674
2026-03-21,ProductA,BATCH-9028,8,1772,0.904402638474999
2026-03-22,ProductC,BATCH-1530,25,1763,0.871871435436214
2026-03-22,ProductD,BATCH-1495,30,1457,0.9471303658005101
2026-03-22,ProductC,BATCH-6917,38,652,0.8656572731907243
2026-03-22,ProductC,BATCH-9233,7,1307,0.8591281073037267
2026-03-22,ProductD,BATCH-6189,5,1183,0.8727999188593082
2026-03-22,ProductB,BATCH-6028,48,1319,0.8610201331287485
2026-03-22,ProductC,BATCH-5434,47,1383,0.8857137203434917
2026-03-22,ProductC,BATCH-2189,29,599,0.9595696960056653
2026-03-22,ProductE,BATCH-8739,1,1501,0.9728044837341664
2026-03-22,ProductE,BATCH-8063,28,561,0.9338249389770036
2026-03-22,ProductE,BATCH-3608,5,1823,0.8735715650651484
2026-03-23,ProductA,BATCH-1678,19,1665,0.974555526881526
2026-03-23,ProductA,BATCH-3791,27,518,0.9830462990102518
2026-03-23,ProductE,BATCH-8965,24,1131,0.853659718594114
2026-03-23,ProductD,BATCH-4069,22,1800,0.9706631820511681
2026-03-23,ProductA,BATCH-4981,20,1162,0.968658416330331
2026-03-23,ProductC,BATCH-1369,17,508,0.852574350930246
2026-03-23,ProductC,BATCH-8011,5,745,0.9707217529447814
2026-03-23,ProductC,BATCH-3429,11,760,0.9620085752652587
2026-03-23,ProductE,BATCH-9988,24,1351,0.9128735186091569
2026-03-23,ProductB,BATCH-7473,4,506,0.8840626335237752
2026-03-23,ProductA,BATCH-7360,45,982,0.9877160358121139
2026-03-23,ProductA,BATCH-6756,31,1397,0.9423377306071818
2026-03-23,ProductA,BATCH-8883,13,807,0.9469671032262754
2026-03-23,ProductA,BATCH-2933,6,722,0.8617771646410738
2026-03-24,ProductC,BATCH-2891,25,630,0.9023343512639919
2026-03-24,ProductC,BATCH-3846,4,886,0.888058603516524
2026-03-24,ProductB,BATCH-9634,24,968,0.8906706157018895
2026-03-24,ProductA,BATCH-1727,34,1811,0.9611342050668861
2026-03-24,ProductE,BATCH-2451,12,1728,0.8871855542808397
2026-03-24,ProductB,BATCH-4547,32,625,0.8921149996513866
2026-03-24,ProductD,BATCH-6117,27,663,0.901662972260751
2026-03-24,ProductB,BATCH-7621,49,952,0.8948584221113473
2026-03-24,ProductB,BATCH-5130,42,841,0.8526655106820121
2026-03-24,ProductE,BATCH-1939,16,1996,0.9138895629281304
2026-03-24,ProductD,BATCH-9767,35,1842,0.9853226286901619
2026-03-24,ProductA,BATCH-1834,29,1305,0.9815392883343552
2026-03-24,ProductA,BATCH-6369,37,1841,0.8565734077584901
2026-03-24,ProductD,BATCH-6321,43,1949,0.9211866659276637
2026-03-24,ProductA,BATCH-3282,1,628,0.857970164273135
2026-03-24,ProductA,BATCH-3735,48,1684,0.9581120843861554
2026-03-24,ProductE,BATCH-8011,21,823,0.901433685068494
2026-03-24,ProductB,BATCH-4063,9,1069,0.9763255634112256
2026-03-25,ProductD,BATCH-1522,13,521,0.9053324041771452
2026-03-25,ProductB,BATCH-1571,49,1080,0.9495273502121369
2026-03-25,ProductB,BATCH-9141,1,586,0.8681326071032769
2026-03-25,ProductD,BATCH-3026,42,1352,0.9084738644816804
2026-03-25,ProductB,BATCH-2067,20,655,0.9789772612996596
2026-03-25,ProductA,BATCH-7365,46,1243,0.9346129432636506
2026-03-25,ProductA,BATCH-6348,5,1443,0.9580651677389203
2026-03-25,ProductE,BATCH-5578,47,1202,0.8574875551959319
2026-03-25,ProductB,BATCH-4469,25,1512,0.947427671032764
2026-03-25,ProductB,BATCH-8498,34,1365,0.9744042796902996
2026-03-25,ProductC,BATCH-2800,14,872,0.9754983688811367
2026-03-25,ProductA,BATCH-8342,33,582,0.8803459979160885
2026-03-25,ProductA,BATCH-1307,21,1546,0.9059385486323748
2026-03-26,ProductE,BATCH-4006,6,659,0.902226519662592
2026-03-26,ProductA,BATCH-8413,43,1527,0.9757553059444561
2026-03-26,ProductD,BATCH-9762,9,661,0.9059637019543109
2026-03-26,ProductE,BATCH-9149,37,1625,0.8719860309439755
2026-03-26,ProductA,BATCH-8294,7,1510,0.9076658720176851
2026-03-26,ProductA,BATCH-9938,2,1592,0.8782365977957624
2026-03-26,ProductB,BATCH-7940,4,1426,0.8732251603191409
2026-03-26,ProductB,BATCH-7574,6,1137,0.9687718890865328
2026-03-26,ProductE,BATCH-3756,42,1049,0.9277844580894541
2026-03-26,ProductB,BATCH-9022,43,1591,0.8586984076716201
2026-03-26,ProductD,BATCH-8995,49,1655,0.9563585085659984
2026-03-26,ProductC,BATCH-8865,9,1125,0.8686307222395636
2026-03-26,ProductC,BATCH-9285,29,820,0.9468434486254962
2026-03-26,ProductA,BATCH-6901,6,1709,0.9544966013741036
2026-03-27,ProductC,BATCH-7594,45,1077,0.90019134051035
2026-03-27,ProductC,BATCH-6111,0,632,0.9372182272310495
2026-03-27,ProductC,BATCH-7043,1,1503,0.8821451074838279
2026-03-27,ProductA,BATCH-2424,45,1309,0.8823076815832459
2026-03-27,ProductD,BATCH-2925,25,1577,0.8709444544069076
2026-03-27,ProductD,BATCH-2778,45,1719,0.9560419980229021
2026-03-27,ProductB,BATCH-3891,18,1315,0.9659375171128751
2026-03-27,ProductA,BATCH-7267,43,1125,0.8570029016388262
2026-03-27,ProductE,BATCH-5764,14,1302,0.9310631777630438
2026-03-27,ProductE,BATCH-3671,43,1086,0.9319404576999426
2026-03-27,ProductE,BATCH-1704,36,524,0.8860194527862997
2026-03-28,ProductA,BATCH-6107,32,684,0.9450689877474135
2026-03-28,ProductE,BATCH-5460,26,783,0.8635351303922645
2026-03-28,ProductA,BATCH-1729,0,1357,0.8537950926802187
2026-03-28,ProductB,BATCH-5609,18,1595,0.9297082448712581
2026-03-28,ProductE,BATCH-2885,42,1503,0.9305437355471641
2026-03-28,ProductD,BATCH-1684,43,643,0.8786718304550394
2026-03-28,ProductB,BATCH-8031,29,640,0.8652786366869201
2026-03-28,ProductB,BATCH-5879,31,647,0.9548027752637096
2026-03-28,ProductD,BATCH-7842,2,1384,0.9733071123397385
2026-03-28,ProductE,BATCH-8272,38,1701,0.9768216581408381
2026-03-28,ProductD,BATCH-8426,36,1051,0.9432636118892829
2026-03-28,ProductB,BATCH-8791,46,975,0.9857518663295844
2026-03-28,ProductC,BATCH-8759,39,713,0.9479760955705849
2026-03-28,ProductA,BATCH-6669,35,707,0.9270242206087888
2026-03-28,ProductD,BATCH-1791,23,956,0.8745883459653494
2026-03-29,ProductA,BATCH-9981,41,595,0.8972145845500561
2026-03-29,ProductD,BATCH-1546,9,801,0.92609054019617
2026-03-29,ProductA,BATCH-1713,20,744,0.9621370670107166
2026-03-29,ProductE,BATCH-4845,12,902,0.8610829272386117
2026-03-29,ProductC,BATCH-7083,41,609,0.8932131138181676
2026-03-29,ProductA,BATCH-5651,36,1805,0.8586598822974232
2026-03-29,ProductD,BATCH-1588,38,1317,0.9621392245267176
2026-03-29,ProductB,BATCH-6642,20,522,0.8702675646758299
2026-03-29,ProductD,BATCH-5974,11,1841,0.9695289223656864
2026-03-29,ProductB,BATCH-4993,27,1627,0.9315090833588331
2026-03-29,ProductE,BATCH-2653,13,1545,0.9630842270838266
2026-03-29,ProductC,BATCH-1531,20,1364,0.8898362640313879
2026-03-29,ProductC,BATCH-3340,18,1286,0.9799068706686488
2026-03-29,ProductD,BATCH-4024,10,566,0.8653007313687636
2026-03-29,ProductC,BATCH-7941,48,1603,0.8987073627392573
2026-03-29,ProductC,BATCH-1811,25,1085,0.966806449548507
2026-03-29,ProductB,BATCH-4864,46,1501,0.9059680431467628
2026-03-29,ProductB,BATCH-5835,17,663,0.9180284348303281
2026-03-29,ProductD,BATCH-5987,36,1595,0.8782965425115138
2026-03-30,ProductA,BATCH-1681,44,720,0.9529357247858204
2026-03-30,ProductA,BATCH-4653,40,1212,0.9288553776414972
2026-03-30,ProductA,BATCH-4811,44,1414,0.9734495669009422
2026-03-30,ProductE,BATCH-7805,7,707,0.9133343277353773
2026-03-30,ProductE,BATCH-8672,22,1727,0.9149699888537535
2026-03-30,ProductD,BATCH-5938,25,1532,0.9642326369719767
2026-03-30,ProductA,BATCH-7539,29,1596,0.9726926413267034
2026-03-30,ProductA,BATCH-8839,25,1121,0.9217000577367662
2026-03-30,ProductE,BATCH-1175,14,1741,0.9006614448474745
2026-03-30,ProductD,BATCH-1672,39,1325,0.9065407662753416
2026-03-30,ProductC,BATCH-4467,33,1632,0.9013489584882947
2026-03-30,ProductE,BATCH-1113,43,1142,0.9311749969694674
2026-03-30,ProductD,BATCH-3653,5,529,0.9317255805750757
2026-03-30,ProductC,BATCH-8387,7,1865,0.9451854490196413
2026-03-30,ProductA,BATCH-4345,11,1296,0.8959193472041227
2026-03-30,ProductB,BATCH-1174,31,1368,0.8892308307573873
2026-03-30,ProductA,BATCH-4822,46,1994,0.9700074510031094
2026-03-30,ProductD,BATCH-6138,3,1265,0.9868279874452445
2026-03-30,ProductB,BATCH-8819,5,1348,0.8721204173189376
2026-03-31,ProductA,BATCH-1478,11,1823,0.8817453005081624
2026-03-31,ProductD,BATCH-1669,20,1547,0.8918555004941106
2026-03-31,ProductA,BATCH-2984,30,1765,0.9890761136684082
2026-03-31,ProductC,BATCH-7259,16,814,0.9675420452866401
2026-03-31,ProductD,BATCH-3299,48,1376,0.8574013290866682
2026-03-31,ProductE,BATCH-4008,32,1854,0.875763111152059
2026-03-31,ProductE,BATCH-8506,27,650,0.8976810640609779
2026-03-31,ProductA,BATCH-3143,14,1180,0.9765331618674739
2026-03-31,ProductC,BATCH-2527,37,1386,0.9547826378190075
2026-03-31,ProductB,BATCH-2030,9,1505,0.9106048476981274
2026-03-31,ProductB,BATCH-7348,35,780,0.9088276711853973
2026-03-31,ProductA,BATCH-7007,8,1719,0.945689614513455
2026-04-01,ProductB,BATCH-7936,21,929,0.8579925545796946
2026-04-01,ProductE,BATCH-9405,37,1397,0.9884952992561604
2026-04-01,ProductC,BATCH-2435,46,1963,0.9582902120615733
2026-04-01,ProductD,BATCH-6432,24,1333,0.939304048478039
2026-04-01,ProductB,BATCH-7228,14,1455,0.9140189605024018
2026-04-01,ProductE,BATCH-1350,24,1539,0.9681009583072868
2026-04-01,ProductE,BATCH-3562,35,1959,0.8591089465071002
2026-04-01,ProductD,BATCH-3925,30,1353,0.9114938823291994
2026-04-01,ProductD,BATCH-1902,45,1511,0.907717127936656
2026-04-01,ProductB,BATCH-7902,27,1244,0.865804237090349
2026-04-01,ProductC,BATCH-7641,43,1455,0.8505658182372492
2026-04-01,ProductA,BATCH-7432,43,1507,0.8687844603123602
2026-04-01,ProductE,BATCH-8994,37,1175,0.8663197508181966
2026-04-01,ProductB,BATCH-6647,40,1800,0.9499848867497412
2026-04-02,ProductD,BATCH-9659,3,832,0.9767832618401731
2026-04-02,ProductC,BATCH-5772,17,590,0.9674201754670878
2026-04-02,ProductE,BATCH-6176,19,1372,0.8777906138056207
2026-04-02,ProductD,BATCH-4160,21,1778,0.9503217969918243
2026-04-02,ProductA,BATCH-8020,49,847,0.958945218704242
2026-04-02,ProductC,BATCH-7524,19,1683,0.8905348300661212
2026-04-02,ProductD,BATCH-4614,16,1444,0.9538841914124246
2026-04-02,ProductC,BATCH-4397,1,1802,0.9163879351077675
2026-04-02,ProductD,BATCH-7329,49,1433,0.8765734805661688
2026-04-02,ProductE,BATCH-5494,46,1689,0.9360083448139855
2026-04-02,ProductD,BATCH-2812,41,768,0.9394531194423976
2026-04-03,ProductE,BATCH-5217,39,948,0.9159132437567875
2026-04-03,ProductD,BATCH-8944,41,1022,0.982695174026715
2026-04-03,ProductD,BATCH-9189,34,1441,0.9598167269891538
2026-04-03,ProductA,BATCH-9374,45,1909,0.9035179080082378
2026-04-03,ProductE,BATCH-1122,36,1002,0.8566742060949285
2026-04-03,ProductB,BATCH-5155,22,563,0.8802674717944817
2026-04-03,ProductC,BATCH-8569,49,548,0.9817711971695625
2026-04-03,ProductA,BATCH-5400,27,1215,0.8680498956829298
2026-04-03,ProductA,BATCH-5337,27,1473,0.9553922027543278
2026-04-03,ProductB,BATCH-1956,3,1583,0.9109571808026904
2026-04-03,ProductC,BATCH-6076,23,1666,0.9357253062932144
2026-04-03,ProductD,BATCH-6327,18,1203,0.9528898969901414
2026-04-03,ProductE,BATCH-9752,13,1015,0.9492133726029268
2026-04-03,ProductB,BATCH-9252,43,837,0.980255599373497
2026-04-03,ProductB,BATCH-4688,29,1143,0.909162583230579
2026-04-03,ProductA,BATCH-3028,21,1382,0.9215567160422928
2026-04-04,ProductB,BATCH-5139,42,635,0.9190372717943297
2026-04-04,ProductB,BATCH-8515,33,1174,0.852574512696743
2026-04-04,ProductC,BATCH-2547,10,1353,0.8998925082215383
2026-04-04,ProductB,BATCH-3919,46,760,0.896349319173354
2026-04-04,ProductA,BATCH-3465,5,1305,0.9302452148356539
2026-04-04,ProductB,BATCH-5576,1,1812,0.9528692503675786
2026-04-04,ProductE,BATCH-7919,5,1430,0.9714245755202434
2026-04-04,ProductA,BATCH-4758,28,1192,0.8938831435927297
2026-04-04,ProductA,BATCH-2635,22,1962,0.8712603172714165
2026-04-04,ProductC,BATCH-1087,38,1200,0.8932612372195077
2026-04-04,ProductC,BATCH-6477,48,1793,0.8935662054886665
2026-04-04,ProductE,BATCH-9434,0,588,0.9863504950783281
2026-04-04,ProductD,BATCH-5105,20,641,0.8714558582535689
2026-04-04,ProductA,BATCH-6173,15,1178,0.906877956742459
2026-04-04,ProductE,BATCH-4253,32,1592,0.9043186364054348
2026-04-04,ProductD,BATCH-9561,23,994,0.8897832428401278
2026-04-04,ProductE,BATCH-4663,23,1743,0.9275535187805373
2026-04-05,ProductA,BATCH-3300,49,1497,0.8861544561462705
2026-04-05,ProductA,BATCH-6549,3,635,0.858962501666163
2026-04-05,ProductD,BATCH-7545,34,1101,0.9658065418804337
2026-04-05,ProductD,BATCH-9518,13,816,0.8599792969424063
2026-04-05,ProductB,BATCH-8195,32,1092,0.9856667736888048
2026-04-05,ProductD,BATCH-1314,36,1013,0.8679467760880646
2026-04-05,ProductA,BATCH-1322,20,1958,0.8851324143155727
2026-04-05,ProductB,BATCH-1229,41,652,0.8833336148230275
2026-04-05,ProductD,BATCH-6615,11,1534,0.9054254312374123
2026-04-05,ProductE,BATCH-2099,12,1388,0.9074051573061939
2026-04-05,ProductD,BATCH-5266,4,1761,0.8721726246199281
2026-04-05,ProductD,BATCH-3071,7,646,0.9752914919550422
2026-04-05,ProductB,BATCH-6834,19,555,0.9510827106152585
2026-04-05,ProductA,BATCH-8851,44,1563,0.9824197128155588
2026-04-05,ProductA,BATCH-2216,2,1617,0.9262795281254095
2026-04-05,ProductA,BATCH-8971,37,1580,0.8730609422661839
2026-04-05,ProductA,BATCH-2747,29,648,0.9104709703480985
2026-04-06,ProductA,BATCH-8111,5,1502,0.8995930087758249
2026-04-06,ProductC,BATCH-5720,37,1837,0.9729265133899231
2026-04-06,ProductE,BATCH-4037,25,992,0.92010207237098
2026-04-06,ProductD,BATCH-1326,12,828,0.9199104876035711
2026-04-06,ProductA,BATCH-7056,39,1042,0.9762481667117429
2026-04-06,ProductE,BATCH-8781,19,1722,0.8919874023802726
2026-04-06,ProductA,BATCH-2048,40,879,0.8747416880311046
2026-04-06,ProductA,BATCH-4188,11,833,0.9203677438278757
2026-04-06,ProductD,BATCH-6476,4,665,0.9280983518118808
2026-04-06,ProductE,BATCH-8985,21,1050,0.9156058074366197
2026-04-06,ProductC,BATCH-9908,26,754,0.9463404735912717
2026-04-06,ProductE,BATCH-2451,6,1520,0.8930637844350741
2026-04-07,ProductA,BATCH-5518,24,512,0.952202439361896
2026-04-07,ProductE,BATCH-4802,31,1707,0.8639876920132674
2026-04-07,ProductA,BATCH-1303,11,1613,0.9605041379279388
2026-04-07,ProductB,BATCH-8465,39,1952,0.856327551355398
2026-04-07,ProductA,BATCH-1481,45,532,0.9072549891930057
2026-04-07,ProductA,BATCH-6304,33,1219,0.9399614799772988
2026-04-07,ProductB,BATCH-9717,11,1538,0.9380064446760619
2026-04-07,ProductD,BATCH-2500,33,1246,0.9569058396407527
2026-04-07,ProductB,BATCH-1484,49,1307,0.8762461055409733
2026-04-07,ProductC,BATCH-9961,9,1001,0.9364897782177868
2026-04-08,ProductA,BATCH-7465,40,1972,0.8512474451235089
2026-04-08,ProductA,BATCH-9419,8,869,0.8856213154766241
2026-04-08,ProductD,BATCH-8330,17,1901,0.8882007503070608
2026-04-08,ProductD,BATCH-1655,5,503,0.8544538120001882
2026-04-08,ProductB,BATCH-7292,28,1537,0.857834430602021
2026-04-08,ProductC,BATCH-8617,24,711,0.8860486613744993
2026-04-08,ProductB,BATCH-7296,11,721,0.9860431601254237
2026-04-08,ProductC,BATCH-4518,2,1988,0.8797662478905625
2026-04-08,ProductA,BATCH-9872,25,657,0.8785023608425603
2026-04-08,ProductC,BATCH-2332,26,1231,0.8606024646167991
2026-04-09,ProductA,BATCH-5879,48,1405,0.9377571135275895
2026-04-09,ProductD,BATCH-1671,15,1685,0.9507384667795415
2026-04-09,ProductC,BATCH-4660,38,1910,0.8740769725694911
2026-04-09,ProductC,BATCH-5040,27,1275,0.9464522882539257
2026-04-09,ProductA,BATCH-8494,10,1759,0.8911061406419192
2026-04-09,ProductA,BATCH-6759,36,1919,0.9371716256163953
2026-04-09,ProductA,BATCH-9903,29,543,0.8927307587851178
2026-04-09,ProductB,BATCH-9900,46,1319,0.9720052959149312
2026-04-09,ProductA,BATCH-1615,28,670,0.954538715292945
2026-04-09,ProductC,BATCH-4076,13,1957,0.8601686916149884
2026-04-10,ProductA,BATCH-7919,7,962,0.8629001412427209
2026-04-10,ProductB,BATCH-6163,18,701,0.8673395030601491
2026-04-10,ProductA,BATCH-5198,36,1610,0.8938238516805813
2026-04-10,ProductE,BATCH-3678,3,1306,0.9592482978024756
2026-04-10,ProductE,BATCH-1439,44,623,0.9391973853602051
2026-04-10,ProductB,BATCH-5327,40,1390,0.9840833781342624
2026-04-10,ProductB,BATCH-1943,12,1411,0.9026869996518138
2026-04-10,ProductB,BATCH-8891,16,1107,0.9501993052007277
2026-04-10,ProductD,BATCH-9289,12,1682,0.9379820468327511
2026-04-10,ProductC,BATCH-4674,48,560,0.9883224599371209
2026-04-10,ProductA,BATCH-2675,25,1128,0.8550211865733605
2026-04-11,ProductB,BATCH-8673,18,1481,0.8551989636935821
2026-04-11,ProductE,BATCH-6262,47,918,0.9025785938216571
2026-04-11,ProductB,BATCH-3789,46,504,0.8509033173132335
2026-04-11,ProductA,BATCH-8503,7,1761,0.9722214130799556
2026-04-11,ProductE,BATCH-5358,20,1605,0.9759258109553999
2026-04-11,ProductC,BATCH-7493,42,634,0.9654494812380401
2026-04-11,ProductA,BATCH-4355,37,1790,0.9714329945917655
2026-04-11,ProductE,BATCH-9765,41,1511,0.9743253030749688
2026-04-11,ProductB,BATCH-3685,40,1223,0.9318951823660846
2026-04-11,ProductA,BATCH-7045,16,1089,0.9475750672835113
2026-04-12,ProductB,BATCH-5123,6,1747,0.9539075467426464
2026-04-12,ProductD,BATCH-1889,37,1596,0.8888407117928667
2026-04-12,ProductA,BATCH-7185,27,592,0.8846256355402498
2026-04-12,ProductA,BATCH-4937,28,729,0.9835897494368091
2026-04-12,ProductA,BATCH-1981,29,1362,0.8587754965089444
2026-04-12,ProductA,BATCH-3884,10,625,0.9199737996735314
2026-04-12,ProductB,BATCH-3601,26,1115,0.8865765711308066
2026-04-12,ProductB,BATCH-7986,22,1635,0.8942694203002617
2026-04-12,ProductD,BATCH-2699,42,1356,0.9283483711883226
2026-04-12,ProductA,BATCH-3428,5,532,0.9076357138085182
2026-04-12,ProductD,BATCH-8627,48,1472,0.9400426621092609
2026-04-13,ProductB,BATCH-7397,1,679,0.8866537356771598
2026-04-13,ProductB,BATCH-4814,42,1111,0.8621944796758184
2026-04-13,ProductD,BATCH-5003,23,1638,0.8527787089806285
2026-04-13,ProductE,BATCH-7026,22,1559,0.8753738770573525
2026-04-13,ProductE,BATCH-6847,42,698,0.9862009979185635
2026-04-13,ProductE,BATCH-4467,14,1862,0.904791565537851
2026-04-13,ProductA,BATCH-6256,18,1529,0.8901812036333856
2026-04-13,ProductE,BATCH-2114,29,852,0.9451608955653531
2026-04-13,ProductC,BATCH-7671,40,1598,0.9575373971454731
2026-04-13,ProductA,BATCH-3473,30,1911,0.8989270144345042
2026-04-13,ProductD,BATCH-7655,9,1922,0.9704991392684982
2026-04-13,ProductE,BATCH-9257,5,1227,0.8863487403736066
2026-04-13,ProductA,BATCH-6111,1,612,0.8623393581673761
2026-04-13,ProductD,BATCH-6436,29,656,0.9777394550868039
2026-04-13,ProductB,BATCH-9971,5,901,0.8816216432914613
2026-04-14,ProductB,BATCH-9469,28,1932,0.8883660763652643
2026-04-14,ProductC,BATCH-7913,32,1394,0.9142676731170172
2026-04-14,ProductE,BATCH-9580,37,518,0.9229601757195703
2026-04-14,ProductA,BATCH-3482,34,1025,0.9336137528419559
2026-04-14,ProductA,BATCH-5032,16,1064,0.8934981547242173
2026-04-14,ProductC,BATCH-3105,36,1701,0.911370460169812
2026-04-14,ProductA,BATCH-5999,29,1577,0.8800130669103209
2026-04-14,ProductC,BATCH-3710,24,1278,0.9229586767958184
2026-04-14,ProductD,BATCH-2079,13,1943,0.9601010156930861
2026-04-14,ProductE,BATCH-3882,3,1020,0.8855900300294772
2026-04-14,ProductC,BATCH-3522,32,1391,0.8805708042623618
2026-04-14,ProductA,BATCH-8128,21,765,0.9470747039995319
2026-04-14,ProductB,BATCH-4167,49,1124,0.8583385405792694
2026-04-14,ProductE,BATCH-8428,32,1635,0.979621271637865
2026-04-14,ProductA,BATCH-3736,3,1027,0.8777714336851877
2026-04-14,ProductA,BATCH-6758,25,1005,0.9180266113069131
2026-04-14,ProductD,BATCH-1744,44,1287,0.9021346380414289
2026-04-14,ProductD,BATCH-1085,8,1267,0.9286241747312034
2026-04-14,ProductD,BATCH-4608,34,944,0.9765221898641875
2026-04-15,ProductE,BATCH-4968,32,1211,0.8884038435955459
2026-04-15,ProductD,BATCH-6429,35,1822,0.9023416712540943
2026-04-15,ProductE,BATCH-8986,40,605,0.9212848312971829
2026-04-15,ProductD,BATCH-8321,29,1035,0.9023434330854311
2026-04-15,ProductC,BATCH-4606,47,600,0.96701381616292
2026-04-15,ProductB,BATCH-6926,49,834,0.9477036654982575
2026-04-15,ProductE,BATCH-7360,24,1952,0.8794352380502988
2026-04-15,ProductB,BATCH-3580,7,1911,0.9176403710136916
2026-04-15,ProductB,BATCH-1311,25,1476,0.9172994157474663
2026-04-15,ProductD,BATCH-8388,31,1141,0.9864383603892506
2026-04-15,ProductE,BATCH-3511,11,757,0.9546149946392142
2026-04-15,ProductB,BATCH-4113,5,724,0.9383982319000187
2026-04-15,ProductD,BATCH-1517,15,1975,0.8758010125093302
2026-04-15,ProductD,BATCH-4256,9,763,0.9472753299019918
2026-04-15,ProductB,BATCH-1569,2,1218,0.8964402992006917
2026-04-16,ProductC,BATCH-9217,33,746,0.930061824899501
2026-04-16,ProductE,BATCH-6654,35,1066,0.9389838356126565
2026-04-16,ProductA,BATCH-5214,48,1620,0.851193924568731
2026-04-16,ProductE,BATCH-8362,2,1651,0.9586420619206611
2026-04-16,ProductD,BATCH-5721,28,889,0.9238039295300727
2026-04-16,ProductD,BATCH-7687,19,589,0.9682174582447605
2026-04-16,ProductE,BATCH-4329,34,654,0.9871558877696569
2026-04-16,ProductA,BATCH-9554,45,559,0.8702302962293631
2026-04-16,ProductB,BATCH-1448,28,1761,0.9064465842622975
2026-04-16,ProductE,BATCH-3036,7,727,0.8540378978694371
2026-04-16,ProductA,BATCH-2848,17,783,0.9051951372079298
2026-04-16,ProductB,BATCH-1864,31,1019,0.975573757949504
2026-04-16,ProductD,BATCH-3968,17,1335,0.9706777402121618
2026-04-16,ProductA,BATCH-5644,46,1364,0.8904851653009838
2026-04-16,ProductC,BATCH-5960,26,1922,0.9720571191665421
2026-04-16,ProductA,BATCH-2541,20,1526,0.9283751238275141
2026-04-17,ProductC,BATCH-9582,49,1711,0.9649383867802994
2026-04-17,ProductD,BATCH-4386,44,959,0.9600702476261574
2026-04-17,ProductA,BATCH-1380,43,740,0.8713809391827112
2026-04-17,ProductE,BATCH-1943,19,1741,0.9856205150507893
2026-04-17,ProductC,BATCH-9053,3,559,0.9505471567393456
2026-04-17,ProductB,BATCH-3322,42,1070,0.8728587037880483
2026-04-17,ProductD,BATCH-7765,48,916,0.9336309162658732
2026-04-17,ProductA,BATCH-8328,15,620,0.9353012942662292
2026-04-17,ProductA,BATCH-3800,21,1380,0.8506269328296542
2026-04-17,ProductE,BATCH-2966,0,1037,0.9621466686021962
2026-04-17,ProductA,BATCH-6426,20,1835,0.9263572394523837
2026-04-17,ProductD,BATCH-2156,38,571,0.8650259329909168
2026-04-18,ProductA,BATCH-7250,31,1338,0.9529826735029588
2026-04-18,ProductB,BATCH-4845,42,1052,0.9852247934672246
2026-04-18,ProductB,BATCH-6230,31,1743,0.927579341683851
2026-04-18,ProductD,BATCH-4819,27,848,0.9619638821880533
2026-04-18,ProductA,BATCH-9750,13,1103,0.886828108730488
2026-04-18,ProductE,BATCH-5632,8,1026,0.9803076466039785
2026-04-18,ProductD,BATCH-6992,10,713,0.9621300435666609
2026-04-18,ProductA,BATCH-1570,29,910,0.929981337611216
2026-04-18,ProductB,BATCH-4214,21,1166,0.8706331070105401
2026-04-18,ProductE,BATCH-4580,7,1354,0.89706646547103
2026-04-18,ProductE,BATCH-7556,19,1635,0.9394306365776365
2026-04-18,ProductE,BATCH-7268,27,621,0.9429952700386912
2026-04-18,ProductD,BATCH-8316,11,790,0.8577935344651585
2026-04-18,ProductC,BATCH-1595,49,1508,0.9521762484636694
2026-04-18,ProductD,BATCH-5432,45,1023,0.8684541680508715
2026-04-18,ProductD,BATCH-2811,17,1447,0.9698118717572062
2026-04-18,ProductB,BATCH-9815,16,982,0.9745351647512269
2026-04-18,ProductB,BATCH-8456,21,658,0.9432211159919696
2026-04-18,ProductD,BATCH-7760,37,1617,0.9082787105220705
